#mw-head,#mw-head,navigation,null
#p-search,#p-search,search,null
/wiki/Tsukimi,/wiki/Tsukimi,Tsukimi,Tsukimi
/wiki/Chuseok,/wiki/Chuseok,Chuseok,Chuseok
/wiki/File:Mid-Autumn_Festival-beijing.jpg,/wiki/File:Mid-Autumn_Festival-beijing.jpg,null,null
/wiki/Beijing,/wiki/Beijing,Beijing,Beijing
/wiki/China,/wiki/China,null,China
/wiki/Taiwan,/wiki/Taiwan,Taiwan,Taiwan
/wiki/Malaysia,/wiki/Malaysia,Malaysia,Malaysia
/wiki/Singapore,/wiki/Singapore,Singapore,Singapore
/wiki/Hong_Kong,/wiki/Hong_Kong,null,Hong Kong
/wiki/Macau,/wiki/Macau,Macau,Macau
/wiki/Vietnam,/wiki/Vietnam,null,Vietnam
/wiki/Mooncake,/wiki/Mooncake,Mooncake,Mooncake
/wiki/Cassia_wine,/wiki/Cassia_wine,cassia wine,Cassia wine
/wiki/Lunar_month,/wiki/Lunar_month,lunar month,Lunar month
/wiki/Uposatha,/wiki/Uposatha,Uposatha,Uposatha
/wiki/Ashvini,/wiki/Ashvini,Ashvini,Ashvini
/wiki/K%E1%B9%9Bttik%C4%81,/wiki/K%E1%B9%9Bttik%C4%81,Kṛttikā,Kṛttikā
/wiki/File:Mid-Autumn_Festival_(Chinese_characters).svg,/wiki/File:Mid-Autumn_Festival_(Chinese_characters).svg,null,null
/wiki/Traditional_Chinese_characters,/wiki/Traditional_Chinese_characters,traditional Chinese,Traditional Chinese characters
/wiki/Simplified_Chinese_characters,/wiki/Simplified_Chinese_characters,simplified Chinese,Simplified Chinese characters
/wiki/Standard_Chinese,/wiki/Standard_Chinese,Standard Mandarin,Standard Chinese
/wiki/Hanyu_Pinyin,/wiki/Hanyu_Pinyin,Hanyu Pinyin,Hanyu Pinyin
/wiki/Wade%E2%80%93Giles,/wiki/Wade%E2%80%93Giles,Wade–Giles,Wade–Giles
/wiki/Help:IPA/Mandarin,/wiki/Help:IPA/Mandarin,[ʈʂʊ́ŋ.tɕʰjóu tɕjě],Help:IPA/Mandarin
/wiki/Wu_Chinese,/wiki/Wu_Chinese,Wu,Wu Chinese
/wiki/Suzhounese,/wiki/Suzhounese,Suzhounese,Suzhounese
/wiki/Hakka_Chinese,/wiki/Hakka_Chinese,Hakka,Hakka Chinese
/wiki/Guangdong_Romanization#Hakka,/wiki/Guangdong_Romanization#Hakka,Romanization,Guangdong Romanization
/wiki/Cantonese,/wiki/Cantonese,Cantonese,Cantonese
/wiki/Yale_romanization_of_Cantonese,/wiki/Yale_romanization_of_Cantonese,Yale Romanization,Yale romanization of Cantonese
/wiki/Help:IPA/Cantonese,/wiki/Help:IPA/Cantonese,[tsóŋ.tsʰɐ́u tsīːt̚],Help:IPA/Cantonese
/wiki/Jyutping,/wiki/Jyutping,Jyutping,Jyutping
/wiki/Min_Chinese,/wiki/Min_Chinese,Min Chinese,Min Chinese
https://en.wiktionary.org/wiki/%E5%85%AB%E6%9C%88%E7%AF%80,https://en.wiktionary.org/wiki/%E5%85%AB%E6%9C%88%E7%AF%80,八月節,wikt:八月節
/wiki/Southern_Min,/wiki/Southern_Min,Southern Min,Southern Min
/wiki/Hokkien,/wiki/Hokkien,Hokkien,Hokkien
/wiki/Pe%CC%8Dh-%C5%8De-j%C4%AB,/wiki/Pe%CC%8Dh-%C5%8De-j%C4%AB,POJ,Pe̍h-ōe-jī
/wiki/Eastern_Min,/wiki/Eastern_Min,Eastern Min,Eastern Min
/wiki/Fuzhou_dialect,/wiki/Fuzhou_dialect,Fuzhou,Fuzhou dialect
/wiki/Foochow_Romanized,/wiki/Foochow_Romanized,BUC,Foochow Romanized
/wiki/Vietnamese_language,/wiki/Vietnamese_language,Vietnamese,Vietnamese language
https://en.wiktionary.org/wiki/T%E1%BA%BFt_Trung_Thu,https://en.wiktionary.org/wiki/T%E1%BA%BFt_Trung_Thu,Tết Trung Thu,wikt:Tết Trung Thu
/wiki/Ch%E1%BB%AF_N%C3%B4m,/wiki/Ch%E1%BB%AF_N%C3%B4m,Chữ Nôm,Chữ Nôm
https://en.wiktionary.org/wiki/%E7%AF%80,https://en.wiktionary.org/wiki/%E7%AF%80,節,wikt:節
https://en.wiktionary.org/wiki/%E4%B8%AD,https://en.wiktionary.org/wiki/%E4%B8%AD,中,wikt:中
https://en.wiktionary.org/wiki/%E7%A7%8B,https://en.wiktionary.org/wiki/%E7%A7%8B,秋,wikt:秋
/wiki/Harvest_festival,/wiki/Harvest_festival,harvest festival,Harvest festival
/wiki/Chinese_people,/wiki/Chinese_people,Chinese,Chinese people
/wiki/Vietnamese_people,/wiki/Vietnamese_people,Vietnamese,Vietnamese people
#cite_note-xinhua-1,#cite_note-xinhua-1,[1],null
#cite_note-vietnam-nguyen-2,#cite_note-vietnam-nguyen-2,[2],null
/wiki/Lunar_calendar,/wiki/Lunar_calendar,lunar calendar,Lunar calendar
/wiki/Full_moon,/wiki/Full_moon,full moon,Full moon
/wiki/Gregorian_calendar,/wiki/Gregorian_calendar,Gregorian calendar,Gregorian calendar
#cite_note-3,#cite_note-3,[3],null
#cite_note-4,#cite_note-4,[4],null
#cite_note-5,#cite_note-5,[5],null
#cite_note-6,#cite_note-6,[6],null
#cite_note-7,#cite_note-7,[7],null
#Alternative_names,#Alternative_names,null,null
#Meanings_of_the_festival,#Meanings_of_the_festival,null,null
#Origins_and_development,#Origins_and_development,null,null
#Moon_worship,#Moon_worship,null,null
#Modern_celebration,#Modern_celebration,null,null
#Lanterns,#Lanterns,null,null
#Mooncakes,#Mooncakes,null,null
#Other_foods_and_food_displays,#Other_foods_and_food_displays,null,null
#Courtship_and_matchmaking,#Courtship_and_matchmaking,null,null
#Games_and_activities,#Games_and_activities,null,null
#Practices_by_region_and_cultures,#Practices_by_region_and_cultures,null,null
#Xiamen,#Xiamen,null,null
#Hong_Kong_and_Macau,#Hong_Kong_and_Macau,null,null
#Ethnic_minorities_in_China,#Ethnic_minorities_in_China,null,null
#Vietnam,#Vietnam,null,null
#Philippines,#Philippines,null,null
#Taiwan,#Taiwan,null,null
#Similar_traditions_in_other_parts_of_Asia,#Similar_traditions_in_other_parts_of_Asia,null,null
#India,#India,null,null
#Japan,#Japan,null,null
#Korea,#Korea,null,null
#Southeast_Asia,#Southeast_Asia,null,null
#Cambodia,#Cambodia,null,null
#Laos,#Laos,null,null
#Myanmar,#Myanmar,null,null
#Sri_Lanka,#Sri_Lanka,null,null
#Dates,#Dates,null,null
#See_also,#See_also,null,null
#References,#References,null,null
#External_links,#External_links,null,null
/w/index.php?title=Mid-Autumn_Festival&action=edit&section=1,/w/index.php?title=Mid-Autumn_Festival&action=edit&section=1,edit,Edit section: Alternative names
/wiki/Mandarin_Chinese,/wiki/Mandarin_Chinese,Mandarin Chinese,Mandarin Chinese
/wiki/Lantern_Festival,/wiki/Lantern_Festival,Lantern Festival,Lantern Festival
#cite_note-minority-li-8,#cite_note-minority-li-8,[8],null
#cite_note-lee-9,#cite_note-lee-9,[9],null
/w/index.php?title=Mid-Autumn_Festival&action=edit&section=2,/w/index.php?title=Mid-Autumn_Festival&action=edit&section=2,edit,Edit section: Meanings of the festival
#cite_note-siu-10,#cite_note-siu-10,[10],null
/w/index.php?title=Mid-Autumn_Festival&action=edit&section=3,/w/index.php?title=Mid-Autumn_Festival&action=edit&section=3,edit,Edit section: Origins and development
/wiki/Shang_dynasty,/wiki/Shang_dynasty,Shang dynasty,Shang dynasty
/wiki/Hakka_people,/wiki/Hakka_people,Hakka people,Hakka people
#cite_note-yu-11,#cite_note-yu-11,[11],null
/wiki/Baiyue,/wiki/Baiyue,Baiyue,Baiyue
/wiki/Tang_dynasty,/wiki/Tang_dynasty,Tang dynasty,Tang dynasty
/wiki/Emperor_Xuanzong_of_Tang,/wiki/Emperor_Xuanzong_of_Tang,Emperor Xuanzong of Tang,Emperor Xuanzong of Tang
/wiki/Rites_of_Zhou,/wiki/Rites_of_Zhou,Rites of Zhou,Rites of Zhou
/wiki/Western_Zhou_dynasty,/wiki/Western_Zhou_dynasty,Western Zhou dynasty,Western Zhou dynasty
/wiki/Empress_Dowager_Cixi,/wiki/Empress_Dowager_Cixi,Empress Dowager Cixi,Empress Dowager Cixi
#cite_note-roy-12,#cite_note-roy-12,[12],null
/w/index.php?title=Mid-Autumn_Festival&action=edit&section=4,/w/index.php?title=Mid-Autumn_Festival&action=edit&section=4,edit,Edit section: Moon worship
/wiki/File:Chang%27e_flies_to_the_moon_-_Project_Gutenberg_eText_15250.jpg,/wiki/File:Chang%27e_flies_to_the_moon_-_Project_Gutenberg_eText_15250.jpg,null,null
/wiki/Houyi,/wiki/Houyi,Hou Yi,Houyi
/wiki/Menstruation,/wiki/Menstruation,menstruation,Menstruation
/wiki/Zhuang_people,/wiki/Zhuang_people,Zhuang people,Zhuang people
/wiki/Chang%27e,/wiki/Chang%27e,Chang'e,Chang'e
#cite_note-handbook-13,#cite_note-handbook-13,[13],null
/w/index.php?title=Peng_Meng&action=edit&redlink=1,/w/index.php?title=Peng_Meng&action=edit&redlink=1,Peng Meng,Peng Meng (page does not exist)
/wiki/Xiwangmu,/wiki/Xiwangmu,Xiwangmu,Xiwangmu
/w/index.php?title=Mid-Autumn_Festival&action=edit&section=5,/w/index.php?title=Mid-Autumn_Festival&action=edit&section=5,edit,Edit section: Modern celebration
#cite_note-stepanchuk-14,#cite_note-stepanchuk-14,[14],null
/wiki/Incense,/wiki/Incense,incense,Incense
/wiki/Dragon_dance,/wiki/Dragon_dance,dragon,Dragon dance
/wiki/Lion_dance,/wiki/Lion_dance,lion dances,Lion dance
/w/index.php?title=Mid-Autumn_Festival&action=edit&section=6,/w/index.php?title=Mid-Autumn_Festival&action=edit&section=6,edit,Edit section: Lanterns
/wiki/File:Mid-Autumn_Festival,_Chinatown_32,_102006.JPG,/wiki/File:Mid-Autumn_Festival,_Chinatown_32,_102006.JPG,null,null
/wiki/File:HK_SYP_Queen%27s_Road_West_Mid-Autumn_Festival_Lanterns_01_Shop.JPG,/wiki/File:HK_SYP_Queen%27s_Road_West_Mid-Autumn_Festival_Lanterns_01_Shop.JPG,null,null
/wiki/Lantern,/wiki/Lantern,lanterns,Lantern
/wiki/Sky_lantern,/wiki/Sky_lantern,sky lanterns,Sky lantern
/wiki/Pinyin,/wiki/Pinyin,pinyin,Pinyin
#cite_note-yang-15,#cite_note-yang-15,[15],null
/wiki/Ghost_Festival,/wiki/Ghost_Festival,Ghost Festival,Ghost Festival
/wiki/Qing_dynasty,/wiki/Qing_dynasty,Qing dynasty,Qing dynasty
#cite_note-cohen-16,#cite_note-cohen-16,[16],null
/wiki/Papier-m%C3%A2ch%C3%A9,/wiki/Papier-m%C3%A2ch%C3%A9,papier-mâché,Papier-mâché
/wiki/L%C3%BD_dynasty,/wiki/L%C3%BD_dynasty,Lý dynasty,Lý dynasty
/wiki/Pok%C3%A9mon,/wiki/Pok%C3%A9mon,Pokémon,Pokémon
/wiki/Pikachu,/wiki/Pikachu,Pikachu,Pikachu
/wiki/Disney,/wiki/Disney,Disney,Disney
/wiki/SpongeBob_SquarePants,/wiki/SpongeBob_SquarePants,SpongeBob SquarePants,SpongeBob SquarePants
/wiki/Hello_Kitty,/wiki/Hello_Kitty,Hello Kitty,Hello Kitty
/w/index.php?title=Mid-Autumn_Festival&action=edit&section=7,/w/index.php?title=Mid-Autumn_Festival&action=edit&section=7,edit,Edit section: Mooncakes
/wiki/File:Moon_Cakes.jpg,/wiki/File:Moon_Cakes.jpg,null,null
/wiki/File:Banhtrungthu.jpg,/wiki/File:Banhtrungthu.jpg,null,null
/wiki/Wikipedia:Citation_needed,/wiki/Wikipedia:Citation_needed,citation needed,Wikipedia:Citation needed
#cite_note-chiculture1-17,#cite_note-chiculture1-17,[17],null
/wiki/Cinnamomum_cassia,/wiki/Cinnamomum_cassia,cassia,Cinnamomum cassia
/wiki/Pagoda,/wiki/Pagoda,pagoda,Pagoda
/wiki/Turpan,/wiki/Turpan,Turpan,Turpan
/wiki/Emperor_Taizong_of_Tang,/wiki/Emperor_Taizong_of_Tang,Emperor Taizong of Tang,Emperor Taizong of Tang
/wiki/Xiongnu,/wiki/Xiongnu,Xiongnu,Xiongnu
#cite_note-18,#cite_note-18,[18],null
/wiki/Mooncakes,/wiki/Mooncakes,mooncakes,Mooncakes
/wiki/Song_dynasty,/wiki/Song_dynasty,Song dynasty,Song dynasty
/wiki/Han_Chinese,/wiki/Han_Chinese,Han Chinese,Han Chinese
/wiki/Mongols,/wiki/Mongols,Mongols,Mongols
/wiki/Yuan_dynasty,/wiki/Yuan_dynasty,Yuan dynasty,Yuan dynasty
/w/index.php?title=Mid-Autumn_Festival&action=edit&section=8,/w/index.php?title=Mid-Autumn_Festival&action=edit&section=8,edit,Edit section: Other foods and food displays
/wiki/File:Chinesischer_Duftwein_Flasche.jpg,/wiki/File:Chinesischer_Duftwein_Flasche.jpg,null,null
/wiki/File:T%C3%B2_he.JPG,/wiki/File:T%C3%B2_he.JPG,null,null
/wiki/Tea,/wiki/Tea,tea,Tea
#cite_note-19,#cite_note-19,[19],null
#cite_note-20,#cite_note-20,[20],null
#cite_note-21,#cite_note-21,[21],null
/wiki/Pomegranate,/wiki/Pomegranate,pomegranates,Pomegranate
/wiki/Pomelo,/wiki/Pomelo,pomelos,Pomelo
#cite_note-tom-22,#cite_note-tom-22,[22],null
/wiki/Jade_Rabbit,/wiki/Jade_Rabbit,Jade Rabbit,Jade Rabbit
/wiki/Xu%C3%A2n_La,_T%C3%A2y_H%E1%BB%93,/wiki/Xu%C3%A2n_La,_T%C3%A2y_H%E1%BB%93,Xuân La,Xuân La, Tây Hồ
/wiki/Hanoi,/wiki/Hanoi,Hanoi,Hanoi
/w/index.php?title=Mid-Autumn_Festival&action=edit&section=9,/w/index.php?title=Mid-Autumn_Festival&action=edit&section=9,edit,Edit section: Courtship and matchmaking
/w/index.php?title=Daguang&action=edit&redlink=1,/w/index.php?title=Daguang&action=edit&redlink=1,Daguang,Daguang (page does not exist)
/wiki/Guizhou_Province,/wiki/Guizhou_Province,Guizhou Province,Guizhou Province
/wiki/Dong_people,/wiki/Dong_people,Dong people,Dong people
/w/index.php?title=Mid-Autumn_Festival&action=edit&section=10,/w/index.php?title=Mid-Autumn_Festival&action=edit&section=10,edit,Edit section: Games and activities
/wiki/Guangdong,/wiki/Guangdong,Guangdong,Guangdong
/wiki/Chinese_language,/wiki/Chinese_language,Chinese,Chinese language
/wiki/Eight_Immortals,/wiki/Eight_Immortals,Eight Immortals,Eight Immortals
/w/index.php?title=Mid-Autumn_Festival&action=edit&section=11,/w/index.php?title=Mid-Autumn_Festival&action=edit&section=11,edit,Edit section: Practices by region and cultures
/wiki/File:Montreal_JBotanique2_tango7174.jpg,/wiki/File:Montreal_JBotanique2_tango7174.jpg,null,null
/wiki/Montreal,/wiki/Montreal,Montreal,Montreal
/wiki/File:Chinese_Mid-Autumn_Festival,_Belfast,_September_2012_(10).JPG,/wiki/File:Chinese_Mid-Autumn_Festival,_Belfast,_September_2012_(10).JPG,null,null
/wiki/Belfast,_Northern_Ireland,/wiki/Belfast,_Northern_Ireland,Belfast, Northern Ireland,Belfast, Northern Ireland
/wiki/File:Mid-Autumn_Festival_21,_Chinatown,_Singapore,_Sep_06.JPG,/wiki/File:Mid-Autumn_Festival_21,_Chinatown,_Singapore,_Sep_06.JPG,null,null
/wiki/Chinatown,_Singapore,/wiki/Chinatown,_Singapore,Chinatown, Singapore,Chinatown, Singapore
/wiki/File:Mid-Autumn_Festival1.JPG,/wiki/File:Mid-Autumn_Festival1.JPG,null,null
/wiki/Victoria_Park,_Hong_Kong,/wiki/Victoria_Park,_Hong_Kong,Victoria Park, Hong Kong,Victoria Park, Hong Kong
/w/index.php?title=Mid-Autumn_Festival&action=edit&section=12,/w/index.php?title=Mid-Autumn_Festival&action=edit&section=12,edit,Edit section: Xiamen
/wiki/Xiamen,/wiki/Xiamen,Xiamen,Xiamen
#cite_note-:0-23,#cite_note-:0-23,[23],null
/w/index.php?title=Mid-Autumn_Festival&action=edit&section=13,/w/index.php?title=Mid-Autumn_Festival&action=edit&section=13,edit,Edit section: Hong Kong and Macau
/wiki/File:25_Largo_do_Senado,_Macau_-_panoramio.jpg,/wiki/File:25_Largo_do_Senado,_Macau_-_panoramio.jpg,null,Enlarge
/wiki/Senado_Square,/wiki/Senado_Square,Senado Square,Senado Square
/wiki/Environmental_protection,/wiki/Environmental_protection,environmental protection,Environmental protection
/wiki/Packaging,/wiki/Packaging,packaging,Packaging
#cite_note-hkepd-1-24,#cite_note-hkepd-1-24,[24],null
/wiki/Ice-cream,/wiki/Ice-cream,ice-cream mooncake,Ice-cream
/wiki/Snow_skin_mooncake,/wiki/Snow_skin_mooncake,snow skin mooncake,Snow skin mooncake
/w/index.php?title=Mid-Autumn_Festival&action=edit&section=14,/w/index.php?title=Mid-Autumn_Festival&action=edit&section=14,edit,Edit section: Ethnic minorities in China
/wiki/Yanbian_Korean_Autonomous_Prefecture,/wiki/Yanbian_Korean_Autonomous_Prefecture,Yanbian Korean Autonomous Prefecture,Yanbian Korean Autonomous Prefecture
/wiki/Bouyei_people,/wiki/Bouyei_people,Bouyei people,Bouyei people
/wiki/Tu_people,/wiki/Tu_people,Tu people,Tu people
/wiki/Maonan_people,/wiki/Maonan_people,Maonan people,Maonan people
/w/index.php?title=Mid-Autumn_Festival&action=edit&section=15,/w/index.php?title=Mid-Autumn_Festival&action=edit&section=15,edit,Edit section: Vietnam
/wiki/File:Den_ong_sao.JPG,/wiki/File:Den_ong_sao.JPG,null,Enlarge
/wiki/Animism,/wiki/Animism,animist,Animism
/wiki/Banyan,/wiki/Banyan,banyan,Banyan
#cite_note-tet-25,#cite_note-tet-25,[25],null
/wiki/Lucky_money,/wiki/Lucky_money,lucky money,Lucky money
/w/index.php?title=Mid-Autumn_Festival&action=edit&section=16,/w/index.php?title=Mid-Autumn_Festival&action=edit&section=16,edit,Edit section: Philippines
/wiki/Philippines,/wiki/Philippines,Philippines,Philippines
/wiki/Chinese_Filipino,/wiki/Chinese_Filipino,Filipino-Chinese,Chinese Filipino
/wiki/Pua_Tiong_Chiu,/wiki/Pua_Tiong_Chiu,Pua Tiong Chiu,Pua Tiong Chiu
/wiki/Philippine_Hokkien,/wiki/Philippine_Hokkien,Philippine Hokkien,Philippine Hokkien
https://zh.wikipedia.org/wiki/%E4%B8%AD%E7%A7%8B%E5%8D%9A%E9%A5%BC,https://zh.wikipedia.org/wiki/%E4%B8%AD%E7%A7%8B%E5%8D%9A%E9%A5%BC,中秋博饼,zh-tw:中秋博饼
#cite_note-26,#cite_note-26,[26],null
/w/index.php?title=Mid-Autumn_Festival&action=edit&section=17,/w/index.php?title=Mid-Autumn_Festival&action=edit&section=17,edit,Edit section: Taiwan
#cite_note-27,#cite_note-27,[27],null
/wiki/Taipei_City,/wiki/Taipei_City,Taipei City,Taipei City
#cite_note-28,#cite_note-28,[28],null
/w/index.php?title=Mid-Autumn_Festival&action=edit&section=18,/w/index.php?title=Mid-Autumn_Festival&action=edit&section=18,edit,Edit section: Similar traditions in other parts of Asia
/w/index.php?title=Mid-Autumn_Festival&action=edit&section=19,/w/index.php?title=Mid-Autumn_Festival&action=edit&section=19,edit,Edit section: India
/wiki/Sharad_Purnima,/wiki/Sharad_Purnima,Sharad Purnima,Sharad Purnima
/wiki/Ashvin,/wiki/Ashvin,Ashvin,Ashvin
/w/index.php?title=Mid-Autumn_Festival&action=edit&section=20,/w/index.php?title=Mid-Autumn_Festival&action=edit&section=20,edit,Edit section: Japan
/w/index.php?title=Mid-Autumn_Festival&action=edit&section=21,/w/index.php?title=Mid-Autumn_Festival&action=edit&section=21,edit,Edit section: Korea
/wiki/Songpyeon,/wiki/Songpyeon,songpyeon,Songpyeon
/w/index.php?title=Mid-Autumn_Festival&action=edit&section=22,/w/index.php?title=Mid-Autumn_Festival&action=edit&section=22,edit,Edit section: Southeast Asia
#cite_note-29,#cite_note-29,[29],null
#cite_note-30,#cite_note-30,[30],null
/w/index.php?title=Mid-Autumn_Festival&action=edit&section=23,/w/index.php?title=Mid-Autumn_Festival&action=edit&section=23,edit,Edit section: Cambodia
/wiki/Cambodia,/wiki/Cambodia,Cambodia,Cambodia
/wiki/Chinese_Cambodian,/wiki/Chinese_Cambodian,Chinese Cambodian,Chinese Cambodian
/wiki/Khmer_people,/wiki/Khmer_people,Khmer people,Khmer people
#cite_note-31,#cite_note-31,[31],null
#cite_note-32,#cite_note-32,[32],null
#cite_note-33,#cite_note-33,[33],null
/w/index.php?title=Mid-Autumn_Festival&action=edit&section=24,/w/index.php?title=Mid-Autumn_Festival&action=edit&section=24,edit,Edit section: Laos
/wiki/That_Luang_Festival,/wiki/That_Luang_Festival,That Luang Festival,That Luang Festival
/wiki/Vientiane,/wiki/Vientiane,Vientiane,Vientiane
#cite_note-34,#cite_note-34,[34],null
/w/index.php?title=Mid-Autumn_Festival&action=edit&section=25,/w/index.php?title=Mid-Autumn_Festival&action=edit&section=25,edit,Edit section: Myanmar
/wiki/Thadingyut_Festival,/wiki/Thadingyut_Festival,Thadingyut Festival,Thadingyut Festival
/wiki/Thingyan,/wiki/Thingyan,Thingyan,Thingyan
#cite_note-35,#cite_note-35,[35],null
#cite_note-36,#cite_note-36,[36],null
/w/index.php?title=Mid-Autumn_Festival&action=edit&section=26,/w/index.php?title=Mid-Autumn_Festival&action=edit&section=26,edit,Edit section: Sri Lanka
/wiki/Poya,/wiki/Poya,Poya,Poya
#cite_note-Mid-Autumn_Festival_celebrations-37,#cite_note-Mid-Autumn_Festival_celebrations-37,[37],null
#cite_note-Mid-Autumn_Festival_in_Asia-38,#cite_note-Mid-Autumn_Festival_in_Asia-38,[38],null
#cite_note-39,#cite_note-39,[39],null
#cite_note-40,#cite_note-40,[40],null
#cite_note-41,#cite_note-41,[41],null
/w/index.php?title=Mid-Autumn_Festival&action=edit&section=27,/w/index.php?title=Mid-Autumn_Festival&action=edit&section=27,edit,Edit section: Dates
/wiki/Chinese_calendar,/wiki/Chinese_calendar,Han calendar,Chinese calendar
#cite_note-42,#cite_note-42,[42],null
/w/index.php?title=Mid-Autumn_Festival&action=edit&section=28,/w/index.php?title=Mid-Autumn_Festival&action=edit&section=28,edit,Edit section: See also
/wiki/Agriculture_in_China,/wiki/Agriculture_in_China,Agriculture in China,Agriculture in China
/wiki/Agriculture_in_Vietnam,/wiki/Agriculture_in_Vietnam,Agriculture,Agriculture in Vietnam
/wiki/Chinese_holidays,/wiki/Chinese_holidays,Chinese holidays,Chinese holidays
/wiki/Vietnamese_holidays,/wiki/Vietnamese_holidays,Vietnamese holidays,Vietnamese holidays
/wiki/List_of_harvest_festivals,/wiki/List_of_harvest_festivals,List of harvest festivals,List of harvest festivals
/w/index.php?title=Mid-Autumn_Festival&action=edit&section=29,/w/index.php?title=Mid-Autumn_Festival&action=edit&section=29,edit,Edit section: References
#cite_ref-xinhua_1-0,#cite_ref-xinhua_1-0,a,null
#cite_ref-xinhua_1-1,#cite_ref-xinhua_1-1,b,null
#cite_ref-xinhua_1-2,#cite_ref-xinhua_1-2,c,null
#cite_ref-xinhua_1-3,#cite_ref-xinhua_1-3,d,null
#cite_ref-xinhua_1-4,#cite_ref-xinhua_1-4,e,null
#cite_ref-xinhua_1-5,#cite_ref-xinhua_1-5,f,null
#cite_ref-xinhua_1-6,#cite_ref-xinhua_1-6,g,null
http://news.xinhuanet.com/english2010/culture/2011-09/12/c_131134150.htm,http://news.xinhuanet.com/english2010/culture/2011-09/12/c_131134150.htm,"Mid-Autumn Festival and its traditions",null
#cite_ref-vietnam-nguyen_2-0,#cite_ref-vietnam-nguyen_2-0,a,null
#cite_ref-vietnam-nguyen_2-1,#cite_ref-vietnam-nguyen_2-1,b,null
#cite_ref-vietnam-nguyen_2-2,#cite_ref-vietnam-nguyen_2-2,c,null
#cite_ref-vietnam-nguyen_2-3,#cite_ref-vietnam-nguyen_2-3,d,null
#cite_ref-vietnam-nguyen_2-4,#cite_ref-vietnam-nguyen_2-4,e,null
#cite_ref-vietnam-nguyen_2-5,#cite_ref-vietnam-nguyen_2-5,f,null
#cite_ref-vietnam-nguyen_2-6,#cite_ref-vietnam-nguyen_2-6,g,null
#cite_ref-vietnam-nguyen_2-7,#cite_ref-vietnam-nguyen_2-7,h,null
#cite_ref-vietnam-nguyen_2-8,#cite_ref-vietnam-nguyen_2-8,i,null
#cite_ref-vietnam-nguyen_2-9,#cite_ref-vietnam-nguyen_2-9,j,null
#cite_ref-vietnam-nguyen_2-10,#cite_ref-vietnam-nguyen_2-10,k,null
#cite_ref-vietnam-nguyen_2-11,#cite_ref-vietnam-nguyen_2-11,l,null
#cite_ref-vietnam-nguyen_2-12,#cite_ref-vietnam-nguyen_2-12,m,null
/wiki/International_Standard_Book_Number,/wiki/International_Standard_Book_Number,ISBN,International Standard Book Number
/wiki/Special:BookSources/0520238729,/wiki/Special:BookSources/0520238729,0520238729,Special:BookSources/0520238729
#cite_ref-3,#cite_ref-3,^,null
https://www.travelchinaguide.com/essential/holidays/mid-autumn-asia.htm,https://www.travelchinaguide.com/essential/holidays/mid-autumn-asia.htm,"Mid-Autumn Festival in Other Asian Countries",null
#cite_ref-4,#cite_ref-4,^,null
http://kaleidoscope.cultural-china.com/en/8Kaleidoscope562.html,http://kaleidoscope.cultural-china.com/en/8Kaleidoscope562.html,"A Chinese Symbol of Reunion: Moon Cakes – China culture",null
#cite_ref-5,#cite_ref-5,^,null
https://kwgls.wordpress.com/2014/08/10/back-to-basicsbaked-traditional-mooncake-%E4%BC%A0%E7%BB%9F%E7%B2%A4%E5%BC%8F%E6%9C%88%E9%A5%BC%EF%BC%89/,https://kwgls.wordpress.com/2014/08/10/back-to-basicsbaked-traditional-mooncake-%E4%BC%A0%E7%BB%9F%E7%B2%A4%E5%BC%8F%E6%9C%88%E9%A5%BC%EF%BC%89/,"Back to Basics: Baked Traditional Moon Cakes",null
#cite_ref-6,#cite_ref-6,^,null
https://www.theatlantic.com/health/archive/2009/10/mooncakes-chinas-evolving-tradition/27723/,https://www.theatlantic.com/health/archive/2009/10/mooncakes-chinas-evolving-tradition/27723/,"Mooncakes: China's Evolving Tradition",null
#cite_ref-7,#cite_ref-7,^,null
http://www.scio.gov.cn/32618/Document/1490259/1490259.htm,http://www.scio.gov.cn/32618/Document/1490259/1490259.htm,"Customs around the Mid-Autumn Festival",null
#cite_ref-minority-li_8-0,#cite_ref-minority-li_8-0,a,null
#cite_ref-minority-li_8-1,#cite_ref-minority-li_8-1,b,null
#cite_ref-minority-li_8-2,#cite_ref-minority-li_8-2,c,null
#cite_ref-minority-li_8-3,#cite_ref-minority-li_8-3,d,null
#cite_ref-minority-li_8-4,#cite_ref-minority-li_8-4,e,null
#cite_ref-minority-li_8-5,#cite_ref-minority-li_8-5,f,null
#cite_ref-minority-li_8-6,#cite_ref-minority-li_8-6,g,null
#cite_ref-minority-li_8-7,#cite_ref-minority-li_8-7,h,null
#cite_ref-minority-li_8-8,#cite_ref-minority-li_8-8,i,null
/wiki/Special:BookSources/7508509994,/wiki/Special:BookSources/7508509994,7508509994,Special:BookSources/7508509994
#cite_ref-lee_9-0,#cite_ref-lee_9-0,a,null
#cite_ref-lee_9-1,#cite_ref-lee_9-1,b,null
#cite_ref-lee_9-2,#cite_ref-lee_9-2,c,null
/wiki/Special:BookSources/0313350663,/wiki/Special:BookSources/0313350663,0313350663,Special:BookSources/0313350663
#cite_ref-siu_10-0,#cite_ref-siu_10-0,a,null
#cite_ref-siu_10-1,#cite_ref-siu_10-1,b,null
#cite_ref-siu_10-2,#cite_ref-siu_10-2,c,null
#cite_ref-siu_10-3,#cite_ref-siu_10-3,d,null
#cite_ref-siu_10-4,#cite_ref-siu_10-4,e,null
#cite_ref-siu_10-5,#cite_ref-siu_10-5,f,null
#cite_ref-siu_10-6,#cite_ref-siu_10-6,g,null
#cite_ref-siu_10-7,#cite_ref-siu_10-7,h,null
#cite_ref-siu_10-8,#cite_ref-siu_10-8,i,null
#cite_ref-siu_10-9,#cite_ref-siu_10-9,j,null
#cite_ref-siu_10-10,#cite_ref-siu_10-10,k,null
http://onlinelibrary.wiley.com/doi/10.1111/j.0022-3840.1999.3302_67.x/abstract,http://onlinelibrary.wiley.com/doi/10.1111/j.0022-3840.1999.3302_67.x/abstract,"Lanterns of the mid-Autumn Festival: A Reflection of Hong Kong Cultural Change",null
/wiki/Digital_object_identifier,/wiki/Digital_object_identifier,doi,Digital object identifier
//doi.org/10.1111%2Fj.0022-3840.1999.3302_67.x,//doi.org/10.1111%2Fj.0022-3840.1999.3302_67.x,10.1111/j.0022-3840.1999.3302_67.x,null
#cite_ref-yu_11-0,#cite_ref-yu_11-0,a,null
#cite_ref-yu_11-1,#cite_ref-yu_11-1,b,null
/wiki/Special:BookSources/8876528482,/wiki/Special:BookSources/8876528482,8876528482,Special:BookSources/8876528482
#cite_ref-roy_12-0,#cite_ref-roy_12-0,a,null
#cite_ref-roy_12-1,#cite_ref-roy_12-1,b,null
/wiki/Special:BookSources/1576070891,/wiki/Special:BookSources/1576070891,1576070891,Special:BookSources/1576070891
#cite_ref-handbook_13-0,#cite_ref-handbook_13-0,a,null
#cite_ref-handbook_13-1,#cite_ref-handbook_13-1,b,null
/wiki/Special:BookSources/157607806X,/wiki/Special:BookSources/157607806X,157607806X,Special:BookSources/157607806X
#cite_ref-stepanchuk_14-0,#cite_ref-stepanchuk_14-0,a,null
#cite_ref-stepanchuk_14-1,#cite_ref-stepanchuk_14-1,b,null
#cite_ref-stepanchuk_14-2,#cite_ref-stepanchuk_14-2,c,null
#cite_ref-stepanchuk_14-3,#cite_ref-stepanchuk_14-3,d,null
#cite_ref-stepanchuk_14-4,#cite_ref-stepanchuk_14-4,e,null
#cite_ref-stepanchuk_14-5,#cite_ref-stepanchuk_14-5,f,null
#cite_ref-stepanchuk_14-6,#cite_ref-stepanchuk_14-6,g,null
#cite_ref-stepanchuk_14-7,#cite_ref-stepanchuk_14-7,h,null
#cite_ref-stepanchuk_14-8,#cite_ref-stepanchuk_14-8,i,null
#cite_ref-stepanchuk_14-9,#cite_ref-stepanchuk_14-9,j,null
#cite_ref-stepanchuk_14-10,#cite_ref-stepanchuk_14-10,k,null
/wiki/Special:BookSources/0835124819,/wiki/Special:BookSources/0835124819,0835124819,Special:BookSources/0835124819
#cite_ref-yang_15-0,#cite_ref-yang_15-0,a,null
#cite_ref-yang_15-1,#cite_ref-yang_15-1,b,null
//doi.org/10.2979%2Fjfr.2006.43.3.263,//doi.org/10.2979%2Fjfr.2006.43.3.263,10.2979/jfr.2006.43.3.263,null
/wiki/JSTOR,/wiki/JSTOR,JSTOR,JSTOR
//www.jstor.org/stable/4640212,//www.jstor.org/stable/4640212,4640212,null
#cite_ref-cohen_16-0,#cite_ref-cohen_16-0,a,null
#cite_ref-cohen_16-1,#cite_ref-cohen_16-1,b,null
http://www.destinationvietnam.com/stories-photos/1055/60789485/4/con0_rec;jsessionid=96D02A8A1D3653C5D0AD9165EDC708B6,http://www.destinationvietnam.com/stories-photos/1055/60789485/4/con0_rec;jsessionid=96D02A8A1D3653C5D0AD9165EDC708B6,"Mid-Autumn Children's Festival",null
#cite_ref-chiculture1_17-0,#cite_ref-chiculture1_17-0,a,null
#cite_ref-chiculture1_17-1,#cite_ref-chiculture1_17-1,b,null
http://www.chiculture.net/1302/html/1302festivals_b02b01.shtml,http://www.chiculture.net/1302/html/1302festivals_b02b01.shtml,"中秋食品",null
#cite_ref-18,#cite_ref-18,^,null
/wiki/Special:BookSources/0521186595,/wiki/Special:BookSources/0521186595,0521186595,Special:BookSources/0521186595
#cite_ref-19,#cite_ref-19,^,null
https://books.google.com/books?id=Ph2QpKioOCcC&pg=PA101,https://books.google.com/books?id=Ph2QpKioOCcC&pg=PA101,p. 101,null
#cite_ref-20,#cite_ref-20,^,null
https://books.google.com/books?id=o75duHSMRp8C&pg=PA121,https://books.google.com/books?id=o75duHSMRp8C&pg=PA121,p. 121,null
#cite_ref-21,#cite_ref-21,^,null
https://books.google.com/books?id=XzAQ2xulj8IC&pg=PA136,https://books.google.com/books?id=XzAQ2xulj8IC&pg=PA136,p. 136,null
#cite_ref-tom_22-0,#cite_ref-tom_22-0,^,null
/wiki/Special:BookSources/0824812859,/wiki/Special:BookSources/0824812859,0824812859,Special:BookSources/0824812859
#cite_ref-:0_23-0,#cite_ref-:0_23-0,a,null
#cite_ref-:0_23-1,#cite_ref-:0_23-1,b,null
http://www.shanghaidaily.com/Feature/travel/Xiamen-rolls-the-dice-parties-for-Moon-Festival/shdaily.shtml,http://www.shanghaidaily.com/Feature/travel/Xiamen-rolls-the-dice-parties-for-Moon-Festival/shdaily.shtml,"Xiamen rolls the dice, parties for Moon Festival",null
#cite_ref-hkepd-1_24-0,#cite_ref-hkepd-1_24-0,^,null
http://www.epd.gov.hk/epd/english/environmentinhk/waste/eco_responsibility/gts_packaging.html,http://www.epd.gov.hk/epd/english/environmentinhk/waste/eco_responsibility/gts_packaging.html,"Voluntary Agreement on Management of Mooncake Packaging",null
#cite_ref-tet_25-0,#cite_ref-tet_25-0,^,null
https://web.archive.org/web/20120623014205/http://www.familyculture.com/holidays/tettrungthu.htm,https://web.archive.org/web/20120623014205/http://www.familyculture.com/holidays/tettrungthu.htm,"Tet Trung Thu",null
http://www.familyculture.com/holidays/tettrungthu.htm,http://www.familyculture.com/holidays/tettrungthu.htm,the original,null
#cite_ref-26,#cite_ref-26,^,null
/wiki/Special:BookSources/0306483211,/wiki/Special:BookSources/0306483211,0306483211,Special:BookSources/0306483211
#cite_ref-27,#cite_ref-27,^,null
http://sg.entertainment.yahoo.com/news/traditional-bbq-mid-autumn-festival-132534304.html,http://sg.entertainment.yahoo.com/news/traditional-bbq-mid-autumn-festival-132534304.html,"Traditional BBQ for Mid-Autumn Festival?",null
#cite_ref-28,#cite_ref-28,^,null
http://www.taipeitimes.com/News/taiwan/archives/2016/09/12/2003654996,http://www.taipeitimes.com/News/taiwan/archives/2016/09/12/2003654996,"MID-AUTUMN FESTIVAL: Officials list legal barbecue sites for festival",null
/wiki/Category:CS1_maint:_Uses_authors_parameter,/wiki/Category:CS1_maint:_Uses_authors_parameter,CS1 maint: Uses authors parameter,Category:CS1 maint: Uses authors parameter
#cite_ref-29,#cite_ref-29,^,null
http://www.chinesetimeschool.com/en-us/articles/how-the-world-celebrates-mid-autumn-festival/,http://www.chinesetimeschool.com/en-us/articles/how-the-world-celebrates-mid-autumn-festival/,"How the world celebrates Mid-Autumn Festival - Chinese News - Page 1 - chinesetimeschool.com",null
#cite_ref-30,#cite_ref-30,^,null
http://www.bairun.net/bairun_cn/insight_xunwei10_cn.html,http://www.bairun.net/bairun_cn/insight_xunwei10_cn.html,共同的团圆 – 亚洲各国中秋节大观 (Mid Autumn Festival, Reunion in Asia),null
#cite_ref-31,#cite_ref-31,^,null
http://www.irhal.com/Cambodia/Phnom-Penh/Festivals/Mid-Autumn-Festival.html,http://www.irhal.com/Cambodia/Phnom-Penh/Festivals/Mid-Autumn-Festival.html,"Irhal – Islamic Halal Travel Guide for the Muslim Traveler",null
#cite_ref-32,#cite_ref-32,^,null
http://www.khmertimeskh.com/news/28938/mid-autumn-mooncakes/,http://www.khmertimeskh.com/news/28938/mid-autumn-mooncakes/,"Mid-Autumn Mooncakes",null
#cite_ref-33,#cite_ref-33,^,null
http://goasiadaytrip.com/blog/asian-mid-autumn-festival.html,http://goasiadaytrip.com/blog/asian-mid-autumn-festival.html,"Asian Mid Autumn Festival – Blog's GoAsiaDayTrip",null
#cite_ref-34,#cite_ref-34,^,null
http://event-carnival.com/laos/that-luang-festival,http://event-carnival.com/laos/that-luang-festival,"That Luang Festival – Event Carnival",null
#cite_ref-35,#cite_ref-35,^,null
http://www.mmtimes.com/index.php/lifestyle/17155-thadingyut-festival-of-lights.html,http://www.mmtimes.com/index.php/lifestyle/17155-thadingyut-festival-of-lights.html,"Thadingyut: Festival of Lights",null
#cite_ref-36,#cite_ref-36,^,null
http://discoverydmc.com/travel-guides/myanmar-festivals,http://discoverydmc.com/travel-guides/myanmar-festivals,"Myanmar Festivals 2016–2017",null
#cite_ref-Mid-Autumn_Festival_celebrations_37-0,#cite_ref-Mid-Autumn_Festival_celebrations_37-0,^,null
http://www.chinadaily.com.cn/culture/2016-09/13/content_26774538.htm,http://www.chinadaily.com.cn/culture/2016-09/13/content_26774538.htm,"How the world celebrates Mid-Autumn Festival[1]- Chinadaily.com.cn",null
#cite_ref-Mid-Autumn_Festival_in_Asia_38-0,#cite_ref-Mid-Autumn_Festival_in_Asia_38-0,^,null
http://www.womenofchina.cn/womenofchina/html1/culture/living/1509/2312-1.htm,http://www.womenofchina.cn/womenofchina/html1/culture/living/1509/2312-1.htm,"Mid-Autumn Festival Traditions – All China Women's Federation",null
#cite_ref-39,#cite_ref-39,^,null
http://www.officeholidays.com/countries/sri_lanka/full_moon.php,http://www.officeholidays.com/countries/sri_lanka/full_moon.php,"Poya – Sri Lanka – Office Holidays",null
#cite_ref-40,#cite_ref-40,^,null
http://aglobalworld.com/holidays-around-the-world/tag/september-calendar/,http://aglobalworld.com/holidays-around-the-world/tag/september-calendar/,"september calendar",null
#cite_ref-41,#cite_ref-41,^,null
http://www.news.lk/news/sri-lanka/item/3442-the-navam-pura-pasaloswaka-poya-day-falls-today,http://www.news.lk/news/sri-lanka/item/3442-the-navam-pura-pasaloswaka-poya-day-falls-today,"Today is Vap Full Moon Poya Day",null
#cite_ref-42,#cite_ref-42,^,null
http://www.hko.gov.hk/gts/time/conversion.htm,http://www.hko.gov.hk/gts/time/conversion.htm,"Gregorian-Lunar Calendar Conversion Table",null
/w/index.php?title=Mid-Autumn_Festival&action=edit&section=30,/w/index.php?title=Mid-Autumn_Festival&action=edit&section=30,edit,Edit section: External links
https://commons.wikimedia.org/wiki/Category:Mid-Autumn_Festival,https://commons.wikimedia.org/wiki/Category:Mid-Autumn_Festival,Wikimedia Commons,null
http://www.moonfestival.org,http://www.moonfestival.org,San Francisco Chinatown Autumn Moon Festival,null
https://www.youtube.com/watch?v=-X371xoBUdA,https://www.youtube.com/watch?v=-X371xoBUdA,Moon Viewing Festival at,null
/wiki/Sumiyoshi_taisha,/wiki/Sumiyoshi_taisha,Sumiyoshi taisha,Sumiyoshi taisha
/wiki/YouTube,/wiki/YouTube,YouTube,YouTube
https://www.youtube.com/watch?v=tFK3WPtj46c,https://www.youtube.com/watch?v=tFK3WPtj46c,Brief video about the history and traditions of Mid-Autumn Festival,null
/wiki/Template:Public_holidays_in_China,/wiki/Template:Public_holidays_in_China,v,Template:Public holidays in China
/wiki/Template_talk:Public_holidays_in_China,/wiki/Template_talk:Public_holidays_in_China,t,Template talk:Public holidays in China
//en.wikipedia.org/w/index.php?title=Template:Public_holidays_in_China&action=edit,//en.wikipedia.org/w/index.php?title=Template:Public_holidays_in_China&action=edit,e,null
/wiki/Public_holidays_in_China,/wiki/Public_holidays_in_China,Public holidays in China,Public holidays in China
/wiki/Golden_Week_(China),/wiki/Golden_Week_(China),Golden weeks,Golden Week (China)
/wiki/Chinese_New_Year,/wiki/Chinese_New_Year,Lunar New Year,Chinese New Year
/wiki/National_Day_of_the_People%27s_Republic_of_China,/wiki/National_Day_of_the_People%27s_Republic_of_China,PRC National Day,National Day of the People's Republic of China
/wiki/New_Year%27s_Day,/wiki/New_Year%27s_Day,New Year's Day,New Year's Day
/wiki/Qingming_Festival,/wiki/Qingming_Festival,Ching Ming Festival,Qingming Festival
/wiki/International_Workers%27_Day,/wiki/International_Workers%27_Day,Workers' Day,International Workers' Day
/wiki/Duanwu_Festival,/wiki/Duanwu_Festival,Tuen Ng Festival,Duanwu Festival
/wiki/Template:Public_holidays_in_Hong_Kong,/wiki/Template:Public_holidays_in_Hong_Kong,v,Template:Public holidays in Hong Kong
/wiki/Template_talk:Public_holidays_in_Hong_Kong,/wiki/Template_talk:Public_holidays_in_Hong_Kong,t,Template talk:Public holidays in Hong Kong
//en.wikipedia.org/w/index.php?title=Template:Public_holidays_in_Hong_Kong&action=edit,//en.wikipedia.org/w/index.php?title=Template:Public_holidays_in_Hong_Kong&action=edit,e,null
/wiki/Public_holidays_in_Hong_Kong,/wiki/Public_holidays_in_Hong_Kong,Public holidays in Hong Kong,Public holidays in Hong Kong
/wiki/Good_Friday,/wiki/Good_Friday,Good Friday,Good Friday
/wiki/Holy_Saturday,/wiki/Holy_Saturday,Holy Saturday,Holy Saturday
/wiki/Easter_Monday,/wiki/Easter_Monday,Easter Monday,Easter Monday
/wiki/Buddha%27s_Birthday,/wiki/Buddha%27s_Birthday,Buddha's Birthday,Buddha's Birthday
/wiki/Labour_Day,/wiki/Labour_Day,Labour Day,Labour Day
/wiki/Hong_Kong_Special_Administrative_Region_Establishment_Day,/wiki/Hong_Kong_Special_Administrative_Region_Establishment_Day,Hong Kong SAR Establishment Day,Hong Kong Special Administrative Region Establishment Day
/wiki/Double_Ninth_Festival,/wiki/Double_Ninth_Festival,Chung Yeung Festival,Double Ninth Festival
/wiki/Christmas,/wiki/Christmas,Christmas Day,Christmas
/wiki/Boxing_Day,/wiki/Boxing_Day,Boxing Day,Boxing Day
/wiki/Queen%27s_Official_Birthday,/wiki/Queen%27s_Official_Birthday,Queen's Birthday,Queen's Official Birthday
/wiki/Liberation_Day_(Hong_Kong),/wiki/Liberation_Day_(Hong_Kong),Liberation Day,Liberation Day (Hong Kong)
/wiki/National_Day_of_the_Republic_of_China,/wiki/National_Day_of_the_Republic_of_China,Double Ten Day,National Day of the Republic of China
/wiki/Remembrance_Day,/wiki/Remembrance_Day,Remembrance Day,Remembrance Day
/wiki/Template:Taiwan_topics,/wiki/Template:Taiwan_topics,v,Template:Taiwan topics
/wiki/Template_talk:Taiwan_topics,/wiki/Template_talk:Taiwan_topics,t,Template talk:Taiwan topics
//en.wikipedia.org/w/index.php?title=Template:Taiwan_topics&action=edit,//en.wikipedia.org/w/index.php?title=Template:Taiwan_topics&action=edit,e,null
/wiki/Index_of_Taiwan-related_articles,/wiki/Index_of_Taiwan-related_articles,articles,Index of Taiwan-related articles
/wiki/History_of_Taiwan,/wiki/History_of_Taiwan,History,History of Taiwan
/wiki/Timeline_of_Taiwanese_history,/wiki/Timeline_of_Taiwanese_history,Timeline of Taiwanese history,Timeline of Taiwanese history
/wiki/Prehistory_of_Taiwan,/wiki/Prehistory_of_Taiwan,Prehistory,Prehistory of Taiwan
/wiki/List_of_archaeological_sites_in_Taiwan,/wiki/List_of_archaeological_sites_in_Taiwan,archaeological sites,List of archaeological sites in Taiwan
/wiki/Dutch_Formosa,/wiki/Dutch_Formosa,Dutch Formosa,Dutch Formosa
/wiki/Spanish_Formosa,/wiki/Spanish_Formosa,Spanish Formosa,Spanish Formosa
/wiki/Kingdom_of_Tungning,/wiki/Kingdom_of_Tungning,Kingdom of Tungning,Kingdom of Tungning
/wiki/Taiwan_under_Qing_rule,/wiki/Taiwan_under_Qing_rule,Qing Empire,Taiwan under Qing rule
/wiki/Republic_of_Formosa,/wiki/Republic_of_Formosa,Republic of Formosa,Republic of Formosa
/wiki/Taiwan_under_Japanese_rule,/wiki/Taiwan_under_Japanese_rule,Empire of Japan,Taiwan under Japanese rule
/wiki/History_of_Taiwan_since_1945,/wiki/History_of_Taiwan_since_1945,Republic of China,History of Taiwan since 1945
/wiki/Geography_of_Taiwan,/wiki/Geography_of_Taiwan,Geography,Geography of Taiwan
/wiki/List_of_cities_in_Taiwan,/wiki/List_of_cities_in_Taiwan,Cities,List of cities in Taiwan
/wiki/Geography_of_Taiwan#Climate,/wiki/Geography_of_Taiwan#Climate,Climate,Geography of Taiwan
/wiki/List_of_earthquakes_in_Taiwan,/wiki/List_of_earthquakes_in_Taiwan,Earthquakes,List of earthquakes in Taiwan
/wiki/List_of_endemic_species_of_Taiwan,/wiki/List_of_endemic_species_of_Taiwan,Endemic species,List of endemic species of Taiwan
/wiki/List_of_protected_species_in_Taiwan,/wiki/List_of_protected_species_in_Taiwan,Protected species,List of protected species in Taiwan
/wiki/Taiwanese_hot_springs,/wiki/Taiwanese_hot_springs,Hot springs,Taiwanese hot springs
/wiki/List_of_islands_of_Taiwan,/wiki/List_of_islands_of_Taiwan,Islands,List of islands of Taiwan
/wiki/List_of_lakes_in_Taiwan,/wiki/List_of_lakes_in_Taiwan,Lakes,List of lakes in Taiwan
/wiki/List_of_mountains_in_Taiwan,/wiki/List_of_mountains_in_Taiwan,Mountains,List of mountains in Taiwan
/wiki/National_parks_of_Taiwan,/wiki/National_parks_of_Taiwan,National parks,National parks of Taiwan
/wiki/List_of_rivers_of_Taiwan,/wiki/List_of_rivers_of_Taiwan,Rivers,List of rivers of Taiwan
/wiki/List_of_national_scenic_areas_in_Taiwan,/wiki/List_of_national_scenic_areas_in_Taiwan,Scenic areas,List of national scenic areas in Taiwan
/wiki/List_of_Taiwanese_superlatives,/wiki/List_of_Taiwanese_superlatives,Superlatives,List of Taiwanese superlatives
/wiki/List_of_volcanoes_in_Taiwan,/wiki/List_of_volcanoes_in_Taiwan,Volcanoes,List of volcanoes in Taiwan
/wiki/Government_of_the_Republic_of_China,/wiki/Government_of_the_Republic_of_China,Government,Government of the Republic of China
/wiki/Politics_of_the_Republic_of_China,/wiki/Politics_of_the_Republic_of_China,politics,Politics of the Republic of China
/wiki/Economy_of_Taiwan,/wiki/Economy_of_Taiwan,Economy,Economy of Taiwan
/wiki/Censorship_in_Taiwan,/wiki/Censorship_in_Taiwan,Censorship,Censorship in Taiwan
/wiki/Constitution_of_the_Republic_of_China,/wiki/Constitution_of_the_Republic_of_China,Constitution,Constitution of the Republic of China
/wiki/Elections_in_Taiwan,/wiki/Elections_in_Taiwan,Elections,Elections in Taiwan
/wiki/Human_rights_in_Taiwan,/wiki/Human_rights_in_Taiwan,Human rights,Human rights in Taiwan
/wiki/LGBT_rights_in_Taiwan,/wiki/LGBT_rights_in_Taiwan,LGBT rights,LGBT rights in Taiwan
/wiki/LGBT_history_in_Taiwan,/wiki/LGBT_history_in_Taiwan,LGBT history,LGBT history in Taiwan
/wiki/National_Security_Bureau_(Taiwan),/wiki/National_Security_Bureau_(Taiwan),Intelligence,National Security Bureau (Taiwan)
/wiki/Law_of_Taiwan,/wiki/Law_of_Taiwan,Law,Law of Taiwan
/wiki/National_Police_Agency_(Republic_of_China),/wiki/National_Police_Agency_(Republic_of_China),enforcement,National Police Agency (Republic of China)
/wiki/Nationality_law_of_Taiwan,/wiki/Nationality_law_of_Taiwan,nationality,Nationality law of Taiwan
/wiki/Legislative_Yuan,/wiki/Legislative_Yuan,null,Legislative Yuan
/wiki/Republic_of_China_Armed_Forces,/wiki/Republic_of_China_Armed_Forces,Military,Republic of China Armed Forces
/wiki/Conscription_in_Taiwan,/wiki/Conscription_in_Taiwan,conscription,Conscription in Taiwan
/wiki/President_of_the_Republic_of_China,/wiki/President_of_the_Republic_of_China,President,President of the Republic of China
/wiki/List_of_political_parties_in_Taiwan,/wiki/List_of_political_parties_in_Taiwan,Political parties,List of political parties in Taiwan
/wiki/Propaganda_in_the_Republic_of_China,/wiki/Propaganda_in_the_Republic_of_China,Propaganda,Propaganda in the Republic of China
/wiki/Administrative_divisions_of_Taiwan,/wiki/Administrative_divisions_of_Taiwan,null,Administrative divisions of Taiwan
/wiki/Special_municipality_(Taiwan),/wiki/Special_municipality_(Taiwan),Special municipalities,Special municipality (Taiwan)
/wiki/Kaohsiung,/wiki/Kaohsiung,Kaohsiung,Kaohsiung
/wiki/New_Taipei_City,/wiki/New_Taipei_City,New Taipei,New Taipei City
/wiki/Taichung,/wiki/Taichung,Taichung,Taichung
/wiki/Tainan,/wiki/Tainan,Tainan,Tainan
/wiki/Taipei,/wiki/Taipei,Taipei,Taipei
/wiki/Taoyuan,_Taiwan,/wiki/Taoyuan,_Taiwan,Taoyuan,Taoyuan, Taiwan
/wiki/Provincial_city_(Taiwan),/wiki/Provincial_city_(Taiwan),Cities,Provincial city (Taiwan)
/wiki/Chiayi,/wiki/Chiayi,Chiayi,Chiayi
/wiki/Hsinchu,/wiki/Hsinchu,Hsinchu,Hsinchu
/wiki/Keelung,/wiki/Keelung,Keelung,Keelung
/wiki/County_(Taiwan),/wiki/County_(Taiwan),Counties,County (Taiwan)
/wiki/Changhua_County,/wiki/Changhua_County,Changhua,Changhua County
/wiki/Chiayi_County,/wiki/Chiayi_County,Chiayi,Chiayi County
/wiki/Hsinchu_County,/wiki/Hsinchu_County,Hsinchu,Hsinchu County
/wiki/Hualien_County,/wiki/Hualien_County,Hualien,Hualien County
/wiki/Kinmen,/wiki/Kinmen,Kinmen,Kinmen
/wiki/Matsu_Islands,/wiki/Matsu_Islands,Matsu,Matsu Islands
/wiki/Miaoli_County,/wiki/Miaoli_County,Miaoli,Miaoli County
/wiki/Nantou_County,/wiki/Nantou_County,Nantou,Nantou County
/wiki/Pingtung_County,/wiki/Pingtung_County,Pingtung,Pingtung County
/wiki/Taitung_County,/wiki/Taitung_County,Taitung,Taitung County
/wiki/Yilan_County,_Taiwan,/wiki/Yilan_County,_Taiwan,Yilan,Yilan County, Taiwan
/wiki/Yunlin_County,/wiki/Yunlin_County,Yunlin,Yunlin County
/wiki/Foreign_relations_of_Taiwan,/wiki/Foreign_relations_of_Taiwan,Foreign relations,Foreign relations of Taiwan
/wiki/Cross-Strait_relations,/wiki/Cross-Strait_relations,Cross-Strait relations,Cross-Strait relations
/wiki/Political_status_of_Taiwan,/wiki/Political_status_of_Taiwan,Political status of Taiwan,Political status of Taiwan
/wiki/One_Country_on_Each_Side,/wiki/One_Country_on_Each_Side,One Country on Each Side,One Country on Each Side
/wiki/Special_non-state-to-state_relations,/wiki/Special_non-state-to-state_relations,Special non-state-to-state relations,Special non-state-to-state relations
/wiki/Two_Chinas,/wiki/Two_Chinas,Two Chinas,Two Chinas
/wiki/Chinese_Taipei,/wiki/Chinese_Taipei,Chinese Taipei,Chinese Taipei
/wiki/Taiwanization,/wiki/Taiwanization,Taiwanization,Taiwanization
/wiki/De-Sinicization,/wiki/De-Sinicization,De-Sinicization,De-Sinicization
/wiki/Taiwanese_nationalism,/wiki/Taiwanese_nationalism,Taiwanese nationalism,Taiwanese nationalism
/wiki/Chinese_nationalism,/wiki/Chinese_nationalism,Chinese nationalism,Chinese nationalism
/wiki/Taiwan_independence_movement,/wiki/Taiwan_independence_movement,Taiwan independence,Taiwan independence movement
/wiki/Chinese_unification,/wiki/Chinese_unification,Chinese unification,Chinese unification
/wiki/List_of_banks_in_Taiwan,/wiki/List_of_banks_in_Taiwan,Banks,List of banks in Taiwan
/wiki/Central_Bank_of_the_Republic_of_China_(Taiwan),/wiki/Central_Bank_of_the_Republic_of_China_(Taiwan),Central bank,Central Bank of the Republic of China (Taiwan)
/wiki/List_of_companies_of_Taiwan,/wiki/List_of_companies_of_Taiwan,Companies,List of companies of Taiwan
/wiki/New_Taiwan_dollar,/wiki/New_Taiwan_dollar,null,New Taiwan dollar
/wiki/Economic_history_of_Taiwan,/wiki/Economic_history_of_Taiwan,Economic history,Economic history of Taiwan
/wiki/Energy_in_Taiwan,/wiki/Energy_in_Taiwan,Energy,Energy in Taiwan
/wiki/Electricity_sector_in_Taiwan,/wiki/Electricity_sector_in_Taiwan,Electricity,Electricity sector in Taiwan
/wiki/Mining_in_Taiwan,/wiki/Mining_in_Taiwan,Mining,Mining in Taiwan
/wiki/List_of_metropolitan_areas_in_Taiwan,/wiki/List_of_metropolitan_areas_in_Taiwan,Metropolitan areas,List of metropolitan areas in Taiwan
/wiki/Taiwan_Stock_Exchange,/wiki/Taiwan_Stock_Exchange,Stock exchange,Taiwan Stock Exchange
/wiki/Taiwan_Miracle,/wiki/Taiwan_Miracle,Taiwan Miracle,Taiwan Miracle
/wiki/Telecommunications_in_Taiwan,/wiki/Telecommunications_in_Taiwan,Telecommunications,Telecommunications in Taiwan
/wiki/Transportation_in_Taiwan,/wiki/Transportation_in_Taiwan,Transportation,Transportation in Taiwan
/wiki/Taxation_in_Taiwan,/wiki/Taxation_in_Taiwan,Taxation,Taxation in Taiwan
/wiki/Uniform_Invoice_lottery,/wiki/Uniform_Invoice_lottery,Uniform Invoice lottery,Uniform Invoice lottery
/wiki/Culture_of_Taiwan,/wiki/Culture_of_Taiwan,Culture,Culture of Taiwan
/wiki/Demographics_of_Taiwan,/wiki/Demographics_of_Taiwan,Demographics,Demographics of Taiwan
/wiki/Taiwanese_people,/wiki/Taiwanese_people,Taiwanese people,Taiwanese people
/wiki/Taiwanese_aborigines,/wiki/Taiwanese_aborigines,Taiwanese aborigines,Taiwanese aborigines
/wiki/Han_Taiwanese,/wiki/Han_Taiwanese,Hans,Han Taiwanese
/wiki/Hoklo_Taiwanese,/wiki/Hoklo_Taiwanese,Hoklos,Hoklo Taiwanese
/wiki/Hakka_Taiwanese,/wiki/Hakka_Taiwanese,Hakkas,Hakka Taiwanese
/wiki/Languages_of_Taiwan,/wiki/Languages_of_Taiwan,Languages,Languages of Taiwan
/wiki/Varieties_of_Chinese,/wiki/Varieties_of_Chinese,Chinese,Varieties of Chinese
/wiki/Taiwanese_Mandarin,/wiki/Taiwanese_Mandarin,Mandarin,Taiwanese Mandarin
/wiki/Taiwanese_Hokkien,/wiki/Taiwanese_Hokkien,Hokkien,Taiwanese Hokkien
/wiki/Taiwanese_Hakka,/wiki/Taiwanese_Hakka,Hakka,Taiwanese Hakka
/wiki/Formosan_languages,/wiki/Formosan_languages,Formosan languages,Formosan languages
/wiki/Amis_language,/wiki/Amis_language,Amis,Amis language
/wiki/Atayal_language,/wiki/Atayal_language,Atayal,Atayal language
/wiki/Bunun_language,/wiki/Bunun_language,Bunun,Bunun language
/wiki/Paiwan_language,/wiki/Paiwan_language,Paiwan,Paiwan language
/wiki/Puyuma_language,/wiki/Puyuma_language,Puyuma,Puyuma language
/wiki/Rukai_language,/wiki/Rukai_language,Rukai,Rukai language
/wiki/Saisiyat_language,/wiki/Saisiyat_language,Saisiyat,Saisiyat language
/wiki/Seediq_language,/wiki/Seediq_language,Seediq,Seediq language
/wiki/Thao_language,/wiki/Thao_language,Thao,Thao language
/wiki/Tsou_language,/wiki/Tsou_language,Tsou,Tsou language
/wiki/Yami_language,/wiki/Yami_language,Yami,Yami language
/wiki/Taiwanese_Sign_Language,/wiki/Taiwanese_Sign_Language,Sign Language,Taiwanese Sign Language
/wiki/National_Anthem_of_the_Republic_of_China,/wiki/National_Anthem_of_the_Republic_of_China,Anthem,National Anthem of the Republic of China
/wiki/Architecture_of_Taiwan,/wiki/Architecture_of_Taiwan,Architecture,Architecture of Taiwan
/wiki/Education_in_Taiwan,/wiki/Education_in_Taiwan,Education,Education in Taiwan
/wiki/List_of_universities_in_Taiwan,/wiki/List_of_universities_in_Taiwan,Universities,List of universities in Taiwan
/wiki/Academia_Sinica,/wiki/Academia_Sinica,Academia Sinica,Academia Sinica
/wiki/Scholarships_in_Taiwan,/wiki/Scholarships_in_Taiwan,Scholarships,Scholarships in Taiwan
/wiki/History_of_education_in_Taiwan,/wiki/History_of_education_in_Taiwan,History,History of education in Taiwan
/wiki/Ministry_of_Science_and_Technology_(Taiwan),/wiki/Ministry_of_Science_and_Technology_(Taiwan),Ministry of Science and Technology,Ministry of Science and Technology (Taiwan)
/wiki/Flag_of_the_Republic_of_China,/wiki/Flag_of_the_Republic_of_China,Flag,Flag of the Republic of China
/wiki/National_Flag_Anthem_of_the_Republic_of_China,/wiki/National_Flag_Anthem_of_the_Republic_of_China,Flag Anthem,National Flag Anthem of the Republic of China
/wiki/Blue_Sky_with_a_White_Sun,/wiki/Blue_Sky_with_a_White_Sun,Emblem,Blue Sky with a White Sun
/wiki/Healthcare_in_Taiwan,/wiki/Healthcare_in_Taiwan,Healthcare,Healthcare in Taiwan
/wiki/List_of_Taiwanese_inventions_and_discoveries,/wiki/List_of_Taiwanese_inventions_and_discoveries,Inventions and discoveries,List of Taiwanese inventions and discoveries
/wiki/International_rankings_of_Taiwan,/wiki/International_rankings_of_Taiwan,International rankings,International rankings of Taiwan
/wiki/Public_holidays_in_Taiwan,/wiki/Public_holidays_in_Taiwan,Public holidays,Public holidays in Taiwan
/wiki/Women_in_Taiwan,/wiki/Women_in_Taiwan,Women,Women in Taiwan
/wiki/Taiwanese_animation,/wiki/Taiwanese_animation,Animation,Taiwanese animation
/wiki/List_of_Taiwanese_animations,/wiki/List_of_Taiwanese_animations,media,List of Taiwanese animations
/wiki/List_of_Taiwanese_animation_studios,/wiki/List_of_Taiwanese_animation_studios,studios,List of Taiwanese animation studios
/wiki/Cinema_of_Taiwan,/wiki/Cinema_of_Taiwan,Cinema,Cinema of Taiwan
/wiki/Taiwanese_cuisine,/wiki/Taiwanese_cuisine,Cuisine,Taiwanese cuisine
/wiki/Cultural_history_of_Taiwan,/wiki/Cultural_history_of_Taiwan,Cultural history,Cultural history of Taiwan
/wiki/Gambling_in_Taiwan,/wiki/Gambling_in_Taiwan,Gambling,Gambling in Taiwan
/wiki/Glove_puppetry,/wiki/Glove_puppetry,Glove puppetry,Glove puppetry
/wiki/Taiwanese_literature,/wiki/Taiwanese_literature,Literature,Taiwanese literature
/wiki/Media_of_Taiwan,/wiki/Media_of_Taiwan,Media,Media of Taiwan
/wiki/National_Communications_Commission,/wiki/National_Communications_Commission,NCC,National Communications Commission
/wiki/Television_in_Taiwan,/wiki/Television_in_Taiwan,television,Television in Taiwan
/wiki/Public_Television_Service,/wiki/Public_Television_Service,Public Television Service,Public Television Service
/wiki/Music_of_Taiwan,/wiki/Music_of_Taiwan,Music,Music of Taiwan
/wiki/Taiwanese_opera,/wiki/Taiwanese_opera,Taiwanese opera,Taiwanese opera
/wiki/Night_markets_in_Taiwan,/wiki/Night_markets_in_Taiwan,Night markets,Night markets in Taiwan
/wiki/Photography_in_Taiwan,/wiki/Photography_in_Taiwan,Photography,Photography in Taiwan
/wiki/Religion_in_Taiwan,/wiki/Religion_in_Taiwan,Religion,Religion in Taiwan
/wiki/Smoking_in_Taiwan,/wiki/Smoking_in_Taiwan,Smoking,Smoking in Taiwan
/wiki/Sports_in_Taiwan,/wiki/Sports_in_Taiwan,Sports,Sports in Taiwan
/wiki/Taiwanese_tea_culture,/wiki/Taiwanese_tea_culture,Tea,Taiwanese tea culture
/wiki/List_of_tourist_attractions_in_Taiwan,/wiki/List_of_tourist_attractions_in_Taiwan,Tourist attractions,List of tourist attractions in Taiwan
/wiki/Category:Taiwan,/wiki/Category:Taiwan,Category,Category:Taiwan
/wiki/Portal:Taiwan,/wiki/Portal:Taiwan,Portal,Portal:Taiwan
/wiki/Template:Vietnam_topics,/wiki/Template:Vietnam_topics,v,Template:Vietnam topics
/wiki/Template_talk:Vietnam_topics,/wiki/Template_talk:Vietnam_topics,t,Template talk:Vietnam topics
//en.wikipedia.org/w/index.php?title=Template:Vietnam_topics&action=edit,//en.wikipedia.org/w/index.php?title=Template:Vietnam_topics&action=edit,e,null
/wiki/Index_of_Vietnam-related_articles,/wiki/Index_of_Vietnam-related_articles,Index,Index of Vietnam-related articles
/wiki/History_of_Vietnam,/wiki/History_of_Vietnam,History,History of Vietnam
/wiki/Timeline_of_Vietnamese_history,/wiki/Timeline_of_Vietnamese_history,Timeline,Timeline of Vietnamese history
/wiki/Early_dynastic_epoch_(Vietnam),/wiki/Early_dynastic_epoch_(Vietnam),Early dynastic epoch,Early dynastic epoch (Vietnam)
/wiki/Chinese_domination_of_Vietnam,/wiki/Chinese_domination_of_Vietnam,Chinese millennium,Chinese domination of Vietnam
/wiki/Late_dynastic_epoch_(Vietnam),/wiki/Late_dynastic_epoch_(Vietnam),Late dynastic epoch,Late dynastic epoch (Vietnam)
/wiki/History_of_Vietnam_since_1945,/wiki/History_of_Vietnam_since_1945,Republican period,History of Vietnam since 1945
/wiki/North_Vietnam,/wiki/North_Vietnam,North Vietnam,North Vietnam
/wiki/South_Vietnam,/wiki/South_Vietnam,South Vietnam,South Vietnam
/wiki/Geography_of_Vietnam,/wiki/Geography_of_Vietnam,Geography,Geography of Vietnam
/wiki/List_of_ecoregions_in_Vietnam,/wiki/List_of_ecoregions_in_Vietnam,Ecoregions,List of ecoregions in Vietnam
/wiki/Northern_Vietnam,/wiki/Northern_Vietnam,Northern Vietnam,Northern Vietnam
/wiki/Central_Vietnam,/wiki/Central_Vietnam,Central Vietnam,Central Vietnam
/wiki/Southern_Vietnam,/wiki/Southern_Vietnam,Southern Vietnam,Southern Vietnam
/wiki/North_Central_Coast,/wiki/North_Central_Coast,null,North Central Coast
/wiki/Northeast_(Vietnam),/wiki/Northeast_(Vietnam),null,Northeast (Vietnam)
/wiki/Southeast_(Vietnam),/wiki/Southeast_(Vietnam),null,Southeast (Vietnam)
/wiki/Mekong_Delta,/wiki/Mekong_Delta,Mekong Delta,Mekong Delta
/wiki/South_Central_Coast,/wiki/South_Central_Coast,null,South Central Coast
/wiki/Provinces_of_Vietnam,/wiki/Provinces_of_Vietnam,Provinces,Provinces of Vietnam
/wiki/Red_River_Delta,/wiki/Red_River_Delta,Red River Delta,Red River Delta
/wiki/Northwest_(Vietnam),/wiki/Northwest_(Vietnam),null,Northwest (Vietnam)
/wiki/Central_Highlands,_Vietnam,/wiki/Central_Highlands,_Vietnam,null,Central Highlands, Vietnam
/wiki/Politics_of_Vietnam,/wiki/Politics_of_Vietnam,Politics,Politics of Vietnam
/wiki/Constitution_of_the_Socialist_Republic_of_Vietnam,/wiki/Constitution_of_the_Socialist_Republic_of_Vietnam,Constitution,Constitution of the Socialist Republic of Vietnam
/wiki/Foreign_relations_of_Vietnam,/wiki/Foreign_relations_of_Vietnam,Foreign relations,Foreign relations of Vietnam
/wiki/Human_rights_in_Vietnam,/wiki/Human_rights_in_Vietnam,Human rights,Human rights in Vietnam
/wiki/LGBT_rights_in_Vietnam,/wiki/LGBT_rights_in_Vietnam,LGBT,LGBT rights in Vietnam
/wiki/Communist_Party_of_Vietnam,/wiki/Communist_Party_of_Vietnam,Communist Party,Communist Party of Vietnam
/wiki/List_of_central_officeholders_in_the_Communist_Party_of_Vietnam,/wiki/List_of_central_officeholders_in_the_Communist_Party_of_Vietnam,History of central officeholders,List of central officeholders in the Communist Party of Vietnam
/wiki/National_Congress_of_the_Communist_Party_of_Vietnam,/wiki/National_Congress_of_the_Communist_Party_of_Vietnam,National Congress,National Congress of the Communist Party of Vietnam
/wiki/General_Secretary_of_the_Communist_Party_of_Vietnam,/wiki/General_Secretary_of_the_Communist_Party_of_Vietnam,General Secretary,General Secretary of the Communist Party of Vietnam
/wiki/Central_Committee_of_the_Communist_Party_of_Vietnam,/wiki/Central_Committee_of_the_Communist_Party_of_Vietnam,Central Committee,Central Committee of the Communist Party of Vietnam
/wiki/Politburo_of_the_Communist_Party_of_Vietnam,/wiki/Politburo_of_the_Communist_Party_of_Vietnam,Politburo,Politburo of the Communist Party of Vietnam
/wiki/Secretariat_of_the_Communist_Party_of_Vietnam,/wiki/Secretariat_of_the_Communist_Party_of_Vietnam,Secretariat,Secretariat of the Communist Party of Vietnam
/wiki/President_of_Vietnam,/wiki/President_of_Vietnam,President,President of Vietnam
/wiki/Government_of_Vietnam,/wiki/Government_of_Vietnam,Government,Government of Vietnam
/wiki/Prime_Minister_of_Vietnam,/wiki/Prime_Minister_of_Vietnam,Prime Minister,Prime Minister of Vietnam
/wiki/Deputy_Prime_Minister_of_Vietnam,/wiki/Deputy_Prime_Minister_of_Vietnam,Deputy Prime Ministers,Deputy Prime Minister of Vietnam
/wiki/Minister_(government),/wiki/Minister_(government),Ministers,Minister (government)
/wiki/National_Assembly_(Vietnam),/wiki/National_Assembly_(Vietnam),National Assembly,National Assembly (Vietnam)
/wiki/Chairman_of_the_National_Assembly_of_Vietnam,/wiki/Chairman_of_the_National_Assembly_of_Vietnam,Chairmen,Chairman of the National Assembly of Vietnam
/wiki/Standing_Committee_of_the_National_Assembly,/wiki/Standing_Committee_of_the_National_Assembly,Standing Committee,Standing Committee of the National Assembly
/wiki/Elections_in_Vietnam,/wiki/Elections_in_Vietnam,Elections,Elections in Vietnam
/wiki/Judicial_system_of_Vietnam,/wiki/Judicial_system_of_Vietnam,Judiciary,Judicial system of Vietnam
/wiki/Supreme_People%27s_Court_of_Vietnam,/wiki/Supreme_People%27s_Court_of_Vietnam,Supreme People's Court,Supreme People's Court of Vietnam
/wiki/Provincial_Municipal_Courts_of_Vietnam,/wiki/Provincial_Municipal_Courts_of_Vietnam,Provincial Municipal Courts,Provincial Municipal Courts of Vietnam
/wiki/Local_Courts_of_Vietnam,/wiki/Local_Courts_of_Vietnam,Local Courts,Local Courts of Vietnam
/wiki/Military_Courts_of_Vietnam,/wiki/Military_Courts_of_Vietnam,Military Courts,Military Courts of Vietnam
/wiki/People%27s_Army_of_Vietnam,/wiki/People%27s_Army_of_Vietnam,Military,People's Army of Vietnam
/wiki/Central_Military_Commission_of_the_Communist_Party_of_Vietnam,/wiki/Central_Military_Commission_of_the_Communist_Party_of_Vietnam,Central Military Commission,Central Military Commission of the Communist Party of Vietnam
/wiki/People%27s_Army_of_Vietnam#Main_force,/wiki/People%27s_Army_of_Vietnam#Main_force,Ground Force,People's Army of Vietnam
/wiki/Vietnam_People%27s_Navy,/wiki/Vietnam_People%27s_Navy,Navy,Vietnam People's Navy
/wiki/Vietnam_People%27s_Air_Force,/wiki/Vietnam_People%27s_Air_Force,Air Force,Vietnam People's Air Force
/wiki/Vietnam_Coast_Guard,/wiki/Vietnam_Coast_Guard,Coast Guard,Vietnam Coast Guard
/wiki/Vietnam_Border_Defence_Force,/wiki/Vietnam_Border_Defence_Force,Border Guard,Vietnam Border Defence Force
/wiki/Vietnam_People%27s_Public_Security,/wiki/Vietnam_People%27s_Public_Security,null,Vietnam People's Public Security
/wiki/Economy_of_Vietnam,/wiki/Economy_of_Vietnam,Economy,Economy of Vietnam
/wiki/%C4%90%E1%BB%95i_M%E1%BB%9Bi,/wiki/%C4%90%E1%BB%95i_M%E1%BB%9Bi,null,Đổi Mới
/wiki/Vietnamese_%C4%91%E1%BB%93ng,/wiki/Vietnamese_%C4%91%E1%BB%93ng,null,Vietnamese đồng
/wiki/Energy_in_Vietnam,/wiki/Energy_in_Vietnam,Energy,Energy in Vietnam
/wiki/Five-Year_Plans_of_Vietnam,/wiki/Five-Year_Plans_of_Vietnam,Five-Year Plans,Five-Year Plans of Vietnam
/wiki/International_rankings_of_Vietnam,/wiki/International_rankings_of_Vietnam,International rankings,International rankings of Vietnam
/wiki/Manufacturing_in_Vietnam,/wiki/Manufacturing_in_Vietnam,Manufacturing,Manufacturing in Vietnam
/wiki/Telecommunications_in_Vietnam,/wiki/Telecommunications_in_Vietnam,Telecommunications,Telecommunications in Vietnam
/wiki/Tourism_in_Vietnam,/wiki/Tourism_in_Vietnam,Tourism,Tourism in Vietnam
/wiki/Transport_in_Vietnam,/wiki/Transport_in_Vietnam,Transport,Transport in Vietnam
/wiki/Air_transport_in_Vietnam,/wiki/Air_transport_in_Vietnam,Air,Air transport in Vietnam
/wiki/List_of_airlines_of_Vietnam,/wiki/List_of_airlines_of_Vietnam,airlines,List of airlines of Vietnam
/wiki/Jetstar_Pacific,/wiki/Jetstar_Pacific,Jetstar Pacific,Jetstar Pacific
/wiki/VietJet_Air,/wiki/VietJet_Air,VietJet Air,VietJet Air
/wiki/Vietnam_Airlines,/wiki/Vietnam_Airlines,Vietnam Airlines,Vietnam Airlines
/wiki/List_of_airports_in_Vietnam,/wiki/List_of_airports_in_Vietnam,airports,List of airports in Vietnam
/wiki/Cam_Ranh_International_Airport,/wiki/Cam_Ranh_International_Airport,Cam Ranh,Cam Ranh International Airport
/wiki/Da_Nang_International_Airport,/wiki/Da_Nang_International_Airport,Da Nang,Da Nang International Airport
/wiki/Noi_Bai_International_Airport,/wiki/Noi_Bai_International_Airport,Noi Bai,Noi Bai International Airport
/wiki/Tan_Son_Nhat_International_Airport,/wiki/Tan_Son_Nhat_International_Airport,Tan Son Nhat,Tan Son Nhat International Airport
/wiki/Vietnam_Railways,/wiki/Vietnam_Railways,Rail,Vietnam Railways
/wiki/Category:Vietnamese_society,/wiki/Category:Vietnamese_society,Society,Category:Vietnamese society
/wiki/Demographics_of_Vietnam,/wiki/Demographics_of_Vietnam,Demographics,Demographics of Vietnam
/wiki/Overseas_Vietnamese,/wiki/Overseas_Vietnamese,diaspora,Overseas Vietnamese
/wiki/Education_in_Vietnam,/wiki/Education_in_Vietnam,Education,Education in Vietnam
/wiki/List_of_ethnic_groups_in_Vietnam,/wiki/List_of_ethnic_groups_in_Vietnam,Ethnic groups,List of ethnic groups in Vietnam
/wiki/Public_holidays_in_Vietnam,/wiki/Public_holidays_in_Vietnam,Public holidays,Public holidays in Vietnam
/wiki/Time_in_Vietnam,/wiki/Time_in_Vietnam,Time,Time in Vietnam
/wiki/Women_in_Vietnam,/wiki/Women_in_Vietnam,Women,Women in Vietnam
/wiki/Culture_of_Vietnam,/wiki/Culture_of_Vietnam,Culture,Culture of Vietnam
/wiki/Vietnamese_art,/wiki/Vietnamese_art,Art,Vietnamese art
/wiki/Emblem_of_Vietnam,/wiki/Emblem_of_Vietnam,Emblem,Emblem of Vietnam
/wiki/Traditional_Vietnamese_dance,/wiki/Traditional_Vietnamese_dance,Dance,Traditional Vietnamese dance
/wiki/Cinema_of_Vietnam,/wiki/Cinema_of_Vietnam,Cinema,Cinema of Vietnam
/wiki/Vietnamese_cuisine,/wiki/Vietnamese_cuisine,Cuisine,Vietnamese cuisine
/wiki/Flag_of_Vietnam,/wiki/Flag_of_Vietnam,Flag,Flag of Vietnam
/wiki/Vietnamese_literature,/wiki/Vietnamese_literature,Literature,Vietnamese literature
/wiki/History_of_Vietnamese_martial_arts,/wiki/History_of_Vietnamese_martial_arts,Martial arts,History of Vietnamese martial arts
/wiki/Media_of_Vietnam,/wiki/Media_of_Vietnam,Media,Media of Vietnam
/wiki/Music_of_Vietnam,/wiki/Music_of_Vietnam,Music,Music of Vietnam
/wiki/Religion_in_Vietnam,/wiki/Religion_in_Vietnam,Religion,Religion in Vietnam
/wiki/Theatre_of_Vietnam,/wiki/Theatre_of_Vietnam,Theater,Theatre of Vietnam
/wiki/Vietnamese_studies,/wiki/Vietnamese_studies,Vietnamese studies,Vietnamese studies
/wiki/Outline_of_Vietnam,/wiki/Outline_of_Vietnam,Outline,Outline of Vietnam
/wiki/Book:Vietnam,/wiki/Book:Vietnam,Book,Book:Vietnam
/wiki/Category:Vietnam,/wiki/Category:Vietnam,Category,Category:Vietnam
/wiki/Portal:Vietnam,/wiki/Portal:Vietnam,Portal,Portal:Vietnam
/wiki/File:Asia_(orthographic_projection).svg,/wiki/File:Asia_(orthographic_projection).svg,null,null
/wiki/Portal:Asia,/wiki/Portal:Asia,Asia portal,Portal:Asia
/wiki/File:Calendar_icon.svg,/wiki/File:Calendar_icon.svg,null,null
/wiki/Portal:Holidays,/wiki/Portal:Holidays,Holidays portal,Portal:Holidays
https://en.wikipedia.org/w/index.php?title=Mid-Autumn_Festival&oldid=815298800,https://en.wikipedia.org/w/index.php?title=Mid-Autumn_Festival&oldid=815298800,https://en.wikipedia.org/w/index.php?title=Mid-Autumn_Festival&oldid=815298800,null
/wiki/Help:Category,/wiki/Help:Category,Categories,Help:Category
/wiki/Category:Buddhist_festivals,/wiki/Category:Buddhist_festivals,Buddhist festivals,Category:Buddhist festivals
/wiki/Category:Buddhist_holidays,/wiki/Category:Buddhist_holidays,Buddhist holidays,Category:Buddhist holidays
/wiki/Category:Harvest_festivals,/wiki/Category:Harvest_festivals,Harvest festivals,Category:Harvest festivals
/wiki/Category:Lunar_observation,/wiki/Category:Lunar_observation,Lunar observation,Category:Lunar observation
/wiki/Category:Folk_festivals_in_China,/wiki/Category:Folk_festivals_in_China,Folk festivals in China,Category:Folk festivals in China
/wiki/Category:Festivals_in_Vietnam,/wiki/Category:Festivals_in_Vietnam,Festivals in Vietnam,Category:Festivals in Vietnam
/wiki/Category:Public_holidays_in_China,/wiki/Category:Public_holidays_in_China,Public holidays in China,Category:Public holidays in China
/wiki/Category:Public_holidays_in_Vietnam,/wiki/Category:Public_holidays_in_Vietnam,Public holidays in Vietnam,Category:Public holidays in Vietnam
/wiki/Category:Chinese_folk_religion,/wiki/Category:Chinese_folk_religion,Chinese folk religion,Category:Chinese folk religion
/wiki/Category:Vietnamese_culture,/wiki/Category:Vietnamese_culture,Vietnamese culture,Category:Vietnamese culture
/wiki/Category:Non-Gregorian_September_observances,/wiki/Category:Non-Gregorian_September_observances,Non-Gregorian September observances,Category:Non-Gregorian September observances
/wiki/Category:Non-Gregorian_October_observances,/wiki/Category:Non-Gregorian_October_observances,Non-Gregorian October observances,Category:Non-Gregorian October observances
/wiki/Category:Observances_set_by_the_Chinese_calendar,/wiki/Category:Observances_set_by_the_Chinese_calendar,Observances set by the Chinese calendar,Category:Observances set by the Chinese calendar
/wiki/Category:Religious_festivals_in_China,/wiki/Category:Religious_festivals_in_China,Religious festivals in China,Category:Religious festivals in China
/wiki/Category:Articles_containing_Chinese-language_text,/wiki/Category:Articles_containing_Chinese-language_text,Articles containing Chinese-language text,Category:Articles containing Chinese-language text
/wiki/Category:Infobox_holiday_(other),/wiki/Category:Infobox_holiday_(other),Infobox holiday (other),Category:Infobox holiday (other)
/wiki/Category:Articles_containing_Vietnamese-language_text,/wiki/Category:Articles_containing_Vietnamese-language_text,Articles containing Vietnamese-language text,Category:Articles containing Vietnamese-language text
/wiki/Category:Articles_containing_simplified_Chinese-language_text,/wiki/Category:Articles_containing_simplified_Chinese-language_text,Articles containing simplified Chinese-language text,Category:Articles containing simplified Chinese-language text
/wiki/Category:Articles_containing_traditional_Chinese-language_text,/wiki/Category:Articles_containing_traditional_Chinese-language_text,Articles containing traditional Chinese-language text,Category:Articles containing traditional Chinese-language text
/wiki/Category:All_articles_with_unsourced_statements,/wiki/Category:All_articles_with_unsourced_statements,All articles with unsourced statements,Category:All articles with unsourced statements
/wiki/Category:Articles_with_unsourced_statements_from_December_2012,/wiki/Category:Articles_with_unsourced_statements_from_December_2012,Articles with unsourced statements from December 2012,Category:Articles with unsourced statements from December 2012
/wiki/Category:Articles_with_unsourced_statements_from_November_2012,/wiki/Category:Articles_with_unsourced_statements_from_November_2012,Articles with unsourced statements from November 2012,Category:Articles with unsourced statements from November 2012
/wiki/Special:MyTalk,/wiki/Special:MyTalk,Talk,Discussion about edits from this IP address [n]
/wiki/Special:MyContributions,/wiki/Special:MyContributions,Contributions,A list of edits made from this IP address [y]
/w/index.php?title=Special:CreateAccount&returnto=Mid-Autumn+Festival,/w/index.php?title=Special:CreateAccount&returnto=Mid-Autumn+Festival,Create account,You are encouraged to create an account and log in; however, it is not mandatory
/w/index.php?title=Special:UserLogin&returnto=Mid-Autumn+Festival,/w/index.php?title=Special:UserLogin&returnto=Mid-Autumn+Festival,Log in,You're encouraged to log in; however, it's not mandatory. [o]
/wiki/Mid-Autumn_Festival,/wiki/Mid-Autumn_Festival,Read,null
/wiki/Talk:Mid-Autumn_Festival,/wiki/Talk:Mid-Autumn_Festival,Talk,Discussion about the content page [t]
/w/index.php?title=Mid-Autumn_Festival&action=edit,/w/index.php?title=Mid-Autumn_Festival&action=edit,Edit,Edit this page [e]
/w/index.php?title=Mid-Autumn_Festival&action=history,/w/index.php?title=Mid-Autumn_Festival&action=history,View history,Past revisions of this page [h]
/wiki/Main_Page,/wiki/Main_Page,Main page,Visit the main page [z]
/wiki/Portal:Contents,/wiki/Portal:Contents,Contents,Guides to browsing Wikipedia
/wiki/Portal:Featured_content,/wiki/Portal:Featured_content,Featured content,Featured content – the best of Wikipedia
/wiki/Portal:Current_events,/wiki/Portal:Current_events,Current events,Find background information on current events
/wiki/Special:Random,/wiki/Special:Random,Random article,Load a random article [x]
https://donate.wikimedia.org/wiki/Special:FundraiserRedirector?utm_source=donate&utm_medium=sidebar&utm_campaign=C13_en.wikipedia.org&uselang=en,https://donate.wikimedia.org/wiki/Special:FundraiserRedirector?utm_source=donate&utm_medium=sidebar&utm_campaign=C13_en.wikipedia.org&uselang=en,Donate to Wikipedia,Support us
//shop.wikimedia.org,//shop.wikimedia.org,Wikipedia store,Visit the Wikipedia store
/wiki/Help:Contents,/wiki/Help:Contents,Help,Guidance on how to use and edit Wikipedia
/wiki/Wikipedia:About,/wiki/Wikipedia:About,About Wikipedia,Wikipedia:About
/wiki/Wikipedia:Community_portal,/wiki/Wikipedia:Community_portal,Community portal,About the project, what you can do, where to find things
/wiki/Special:RecentChanges,/wiki/Special:RecentChanges,Recent changes,A list of recent changes in the wiki [r]
//en.wikipedia.org/wiki/Wikipedia:Contact_us,//en.wikipedia.org/wiki/Wikipedia:Contact_us,Contact Wikipedia,null
/wiki/Special:WhatLinksHere/Mid-Autumn_Festival,/wiki/Special:WhatLinksHere/Mid-Autumn_Festival,What links here,List of all English Wikipedia pages containing links to this page [j]
/wiki/Special:RecentChangesLinked/Mid-Autumn_Festival,/wiki/Special:RecentChangesLinked/Mid-Autumn_Festival,Related changes,Recent changes in pages linked from this page [k]
/wiki/Wikipedia:File_Upload_Wizard,/wiki/Wikipedia:File_Upload_Wizard,Upload file,Upload files [u]
/wiki/Special:SpecialPages,/wiki/Special:SpecialPages,Special pages,A list of all special pages [q]
/w/index.php?title=Mid-Autumn_Festival&oldid=815298800,/w/index.php?title=Mid-Autumn_Festival&oldid=815298800,Permanent link,Permanent link to this revision of the page
/w/index.php?title=Mid-Autumn_Festival&action=info,/w/index.php?title=Mid-Autumn_Festival&action=info,Page information,More information about this page
https://www.wikidata.org/wiki/Special:EntityPage/Q379519,https://www.wikidata.org/wiki/Special:EntityPage/Q379519,Wikidata item,Link to connected data repository item [g]
/w/index.php?title=Special:CiteThisPage&page=Mid-Autumn_Festival&id=815298800,/w/index.php?title=Special:CiteThisPage&page=Mid-Autumn_Festival&id=815298800,Cite this page,Information on how to cite this page
/w/index.php?title=Special:Book&bookcmd=book_creator&referer=Mid-Autumn+Festival,/w/index.php?title=Special:Book&bookcmd=book_creator&referer=Mid-Autumn+Festival,Create a book,null
/w/index.php?title=Special:ElectronPdf&page=Mid-Autumn+Festival&action=show-download-screen,/w/index.php?title=Special:ElectronPdf&page=Mid-Autumn+Festival&action=show-download-screen,Download as PDF,null
/w/index.php?title=Mid-Autumn_Festival&printable=yes,/w/index.php?title=Mid-Autumn_Festival&printable=yes,Printable version,Printable version of this page [p]
https://ar.wikipedia.org/wiki/%D9%85%D9%87%D8%B1%D8%AC%D8%A7%D9%86_%D9%85%D9%86%D8%AA%D8%B5%D9%81_%D8%A7%D9%84%D8%AE%D8%B1%D9%8A%D9%81,https://ar.wikipedia.org/wiki/%D9%85%D9%87%D8%B1%D8%AC%D8%A7%D9%86_%D9%85%D9%86%D8%AA%D8%B5%D9%81_%D8%A7%D9%84%D8%AE%D8%B1%D9%8A%D9%81,العربية,مهرجان منتصف الخريف – Arabic
https://zh-min-nan.wikipedia.org/wiki/Peh-go%CC%8Deh-cheh,https://zh-min-nan.wikipedia.org/wiki/Peh-go%CC%8Deh-cheh,Bân-lâm-gú,Peh-go̍eh-cheh – Chinese (Min Nan)
https://ca.wikipedia.org/wiki/Festa_de_la_Mitja_Tardor,https://ca.wikipedia.org/wiki/Festa_de_la_Mitja_Tardor,Català,Festa de la Mitja Tardor – Catalan
https://cs.wikipedia.org/wiki/Sv%C3%A1tek_st%C5%99edu_podzimu,https://cs.wikipedia.org/wiki/Sv%C3%A1tek_st%C5%99edu_podzimu,Čeština,Svátek středu podzimu – Czech
https://da.wikipedia.org/wiki/Efter%C3%A5rsfestival,https://da.wikipedia.org/wiki/Efter%C3%A5rsfestival,Dansk,Efterårsfestival – Danish
https://de.wikipedia.org/wiki/Mondfest,https://de.wikipedia.org/wiki/Mondfest,Deutsch,Mondfest – German
https://es.wikipedia.org/wiki/Fiesta_del_Medio_Oto%C3%B1o,https://es.wikipedia.org/wiki/Fiesta_del_Medio_Oto%C3%B1o,Español,Fiesta del Medio Otoño – Spanish
https://eo.wikipedia.org/wiki/Luna_Festo,https://eo.wikipedia.org/wiki/Luna_Festo,Esperanto,Luna Festo – Esperanto
https://fa.wikipedia.org/wiki/%D8%AC%D8%B4%D9%86_%D9%86%DB%8C%D9%85%D9%87_%D9%BE%D8%A7%DB%8C%DB%8C%D8%B2,https://fa.wikipedia.org/wiki/%D8%AC%D8%B4%D9%86_%D9%86%DB%8C%D9%85%D9%87_%D9%BE%D8%A7%DB%8C%DB%8C%D8%B2,فارسی,جشن نیمه پاییز – Persian
https://fr.wikipedia.org/wiki/F%C3%AAte_de_la_mi-automne,https://fr.wikipedia.org/wiki/F%C3%AAte_de_la_mi-automne,Français,Fête de la mi-automne – French
https://hak.wikipedia.org/wiki/Ch%C3%BBng-chhi%C3%BB-chiet,https://hak.wikipedia.org/wiki/Ch%C3%BBng-chhi%C3%BB-chiet,客家語/Hak-kâ-ngî,Chûng-chhiû-chiet – Hakka Chinese
https://ko.wikipedia.org/wiki/%EC%A4%91%EC%B6%94%EC%A0%88,https://ko.wikipedia.org/wiki/%EC%A4%91%EC%B6%94%EC%A0%88,한국어,중추절 – Korean
https://hy.wikipedia.org/wiki/%D4%BC%D5%B8%D6%82%D5%BD%D5%B6%D5%AB_%D5%BF%D5%B8%D5%B6,https://hy.wikipedia.org/wiki/%D4%BC%D5%B8%D6%82%D5%BD%D5%B6%D5%AB_%D5%BF%D5%B8%D5%B6,Հայերեն,Լուսնի տոն – Armenian
https://hi.wikipedia.org/wiki/%E0%A4%AE%E0%A4%A7%E0%A5%8D%E0%A4%AF_%E0%A4%B6%E0%A4%B0%E0%A4%A6_%E0%A4%A4%E0%A5%8D%E0%A4%AF%E0%A5%8B%E0%A4%B9%E0%A4%BE%E0%A4%B0,https://hi.wikipedia.org/wiki/%E0%A4%AE%E0%A4%A7%E0%A5%8D%E0%A4%AF_%E0%A4%B6%E0%A4%B0%E0%A4%A6_%E0%A4%A4%E0%A5%8D%E0%A4%AF%E0%A5%8B%E0%A4%B9%E0%A4%BE%E0%A4%B0,हिन्दी,मध्य शरद त्योहार – Hindi
https://id.wikipedia.org/wiki/Festival_Musim_Gugur,https://id.wikipedia.org/wiki/Festival_Musim_Gugur,Bahasa Indonesia,Festival Musim Gugur – Indonesian
https://it.wikipedia.org/wiki/Festa_di_met%C3%A0_autunno,https://it.wikipedia.org/wiki/Festa_di_met%C3%A0_autunno,Italiano,Festa di metà autunno – Italian
https://he.wikipedia.org/wiki/%D7%97%D7%92_%D7%90%D7%9E%D7%A6%D7%A2_%D7%94%D7%A1%D7%AA%D7%99%D7%95,https://he.wikipedia.org/wiki/%D7%97%D7%92_%D7%90%D7%9E%D7%A6%D7%A2_%D7%94%D7%A1%D7%AA%D7%99%D7%95,עברית,חג אמצע הסתיו – Hebrew
https://lt.wikipedia.org/wiki/Rudens_vidurio_%C5%A1vent%C4%97,https://lt.wikipedia.org/wiki/Rudens_vidurio_%C5%A1vent%C4%97,Lietuvių,Rudens vidurio šventė – Lithuanian
https://hu.wikipedia.org/wiki/%C5%90szk%C3%B6z%C3%A9p%C3%BCnnep,https://hu.wikipedia.org/wiki/%C5%90szk%C3%B6z%C3%A9p%C3%BCnnep,Magyar,Őszközépünnep – Hungarian
https://ms.wikipedia.org/wiki/Perayaan_Kuih_Bulan,https://ms.wikipedia.org/wiki/Perayaan_Kuih_Bulan,Bahasa Melayu,Perayaan Kuih Bulan – Malay
https://cdo.wikipedia.org/wiki/B%C3%A1ik-ngu%C5%8Fk-c%C3%A1ik,https://cdo.wikipedia.org/wiki/B%C3%A1ik-ngu%C5%8Fk-c%C3%A1ik,Mìng-dĕ̤ng-ngṳ̄,Báik-nguŏk-cáik – Min Dong Chinese
https://nl.wikipedia.org/wiki/Midherfstfestival,https://nl.wikipedia.org/wiki/Midherfstfestival,Nederlands,Midherfstfestival – Dutch
https://ja.wikipedia.org/wiki/%E6%9C%88%E8%A6%8B,https://ja.wikipedia.org/wiki/%E6%9C%88%E8%A6%8B,日本語,月見 – Japanese
https://no.wikipedia.org/wiki/M%C3%A5nefesten,https://no.wikipedia.org/wiki/M%C3%A5nefesten,Norsk,Månefesten – Norwegian
https://km.wikipedia.org/wiki/%E1%9E%94%E1%9E%BB%E1%9E%8E%E1%9F%92%E1%9E%99%E1%9E%9F%E1%9F%82%E1%9E%93%E1%9E%96%E1%9F%92%E1%9E%9A%E1%9F%87%E1%9E%81%E1%9F%82,https://km.wikipedia.org/wiki/%E1%9E%94%E1%9E%BB%E1%9E%8E%E1%9F%92%E1%9E%99%E1%9E%9F%E1%9F%82%E1%9E%93%E1%9E%96%E1%9F%92%E1%9E%9A%E1%9F%87%E1%9E%81%E1%9F%82,ភាសាខ្មែរ,បុណ្យសែនព្រះខែ – Khmer
https://pl.wikipedia.org/wiki/%C5%9Awi%C4%99to_%C5%9Arodka_Jesieni,https://pl.wikipedia.org/wiki/%C5%9Awi%C4%99to_%C5%9Arodka_Jesieni,Polski,Święto Środka Jesieni – Polish
https://pt.wikipedia.org/wiki/Festival_da_Lua,https://pt.wikipedia.org/wiki/Festival_da_Lua,Português,Festival da Lua – Portuguese
https://ru.wikipedia.org/wiki/%D0%9F%D1%80%D0%B0%D0%B7%D0%B4%D0%BD%D0%B8%D0%BA_%D1%81%D0%B5%D1%80%D0%B5%D0%B4%D0%B8%D0%BD%D1%8B_%D0%BE%D1%81%D0%B5%D0%BD%D0%B8,https://ru.wikipedia.org/wiki/%D0%9F%D1%80%D0%B0%D0%B7%D0%B4%D0%BD%D0%B8%D0%BA_%D1%81%D0%B5%D1%80%D0%B5%D0%B4%D0%B8%D0%BD%D1%8B_%D0%BE%D1%81%D0%B5%D0%BD%D0%B8,Русский,Праздник середины осени – Russian
https://sco.wikipedia.org/wiki/Mid-Hairst_Festival,https://sco.wikipedia.org/wiki/Mid-Hairst_Festival,Scots,Mid-Hairst Festival – Scots
https://sq.wikipedia.org/wiki/Festa_e_H%C3%ABn%C3%ABs,https://sq.wikipedia.org/wiki/Festa_e_H%C3%ABn%C3%ABs,Shqip,Festa e Hënës – Albanian
https://fi.wikipedia.org/wiki/Keskisyksyn_juhla,https://fi.wikipedia.org/wiki/Keskisyksyn_juhla,Suomi,Keskisyksyn juhla – Finnish
https://sv.wikipedia.org/wiki/M%C3%A5nfestivalen,https://sv.wikipedia.org/wiki/M%C3%A5nfestivalen,Svenska,Månfestivalen – Swedish
https://ta.wikipedia.org/wiki/%E0%AE%A8%E0%AE%9F%E0%AF%81_%E0%AE%87%E0%AE%B2%E0%AF%88%E0%AE%AF%E0%AF%81%E0%AE%A4%E0%AE%BF%E0%AE%B0%E0%AF%8D_%E0%AE%95%E0%AE%BE%E0%AE%B2_%E0%AE%A4%E0%AE%BF%E0%AE%B0%E0%AF%81%E0%AE%B5%E0%AE%BF%E0%AE%B4%E0%AE%BE,https://ta.wikipedia.org/wiki/%E0%AE%A8%E0%AE%9F%E0%AF%81_%E0%AE%87%E0%AE%B2%E0%AF%88%E0%AE%AF%E0%AF%81%E0%AE%A4%E0%AE%BF%E0%AE%B0%E0%AF%8D_%E0%AE%95%E0%AE%BE%E0%AE%B2_%E0%AE%A4%E0%AE%BF%E0%AE%B0%E0%AF%81%E0%AE%B5%E0%AE%BF%E0%AE%B4%E0%AE%BE,தமிழ்,நடு இலையுதிர் கால திருவிழா – Tamil
https://th.wikipedia.org/wiki/%E0%B9%80%E0%B8%97%E0%B8%A8%E0%B8%81%E0%B8%B2%E0%B8%A5%E0%B9%84%E0%B8%AB%E0%B8%A7%E0%B9%89%E0%B8%9E%E0%B8%A3%E0%B8%B0%E0%B8%88%E0%B8%B1%E0%B8%99%E0%B8%97%E0%B8%A3%E0%B9%8C,https://th.wikipedia.org/wiki/%E0%B9%80%E0%B8%97%E0%B8%A8%E0%B8%81%E0%B8%B2%E0%B8%A5%E0%B9%84%E0%B8%AB%E0%B8%A7%E0%B9%89%E0%B8%9E%E0%B8%A3%E0%B8%B0%E0%B8%88%E0%B8%B1%E0%B8%99%E0%B8%97%E0%B8%A3%E0%B9%8C,ไทย,เทศกาลไหว้พระจันทร์ – Thai
https://tr.wikipedia.org/wiki/Ay_Festivali,https://tr.wikipedia.org/wiki/Ay_Festivali,Türkçe,Ay Festivali – Turkish
https://uk.wikipedia.org/wiki/%D0%A1%D0%B2%D1%8F%D1%82%D0%BE_%D1%81%D0%B5%D1%80%D0%B5%D0%B4%D0%B8%D0%BD%D0%B8_%D0%BE%D1%81%D0%B5%D0%BD%D1%96,https://uk.wikipedia.org/wiki/%D0%A1%D0%B2%D1%8F%D1%82%D0%BE_%D1%81%D0%B5%D1%80%D0%B5%D0%B4%D0%B8%D0%BD%D0%B8_%D0%BE%D1%81%D0%B5%D0%BD%D1%96,Українська,Свято середини осені – Ukrainian
https://vi.wikipedia.org/wiki/T%E1%BA%BFt_Trung_thu,https://vi.wikipedia.org/wiki/T%E1%BA%BFt_Trung_thu,Tiếng Việt,Tết Trung thu – Vietnamese
https://zh-classical.wikipedia.org/wiki/%E4%B8%AD%E7%A7%8B,https://zh-classical.wikipedia.org/wiki/%E4%B8%AD%E7%A7%8B,文言,中秋 – Classical Chinese
https://war.wikipedia.org/wiki/Pista_han_kabutngaan_han_katlaya,https://war.wikipedia.org/wiki/Pista_han_kabutngaan_han_katlaya,Winaray,Pista han kabutngaan han katlaya – Waray
https://wuu.wikipedia.org/wiki/%E4%B8%AD%E7%A7%8B%E8%8A%82,https://wuu.wikipedia.org/wiki/%E4%B8%AD%E7%A7%8B%E8%8A%82,吴语,中秋节 – Wu Chinese
https://zh-yue.wikipedia.org/wiki/%E4%B8%AD%E7%A7%8B,https://zh-yue.wikipedia.org/wiki/%E4%B8%AD%E7%A7%8B,粵語,中秋 – Cantonese
https://zh.wikipedia.org/wiki/%E4%B8%AD%E7%A7%8B%E8%8A%82,https://zh.wikipedia.org/wiki/%E4%B8%AD%E7%A7%8B%E8%8A%82,中文,中秋节 – Chinese
https://www.wikidata.org/wiki/Special:EntityPage/Q379519#sitelinks-wikipedia,https://www.wikidata.org/wiki/Special:EntityPage/Q379519#sitelinks-wikipedia,Edit links,Edit interlanguage links
//en.wikipedia.org/wiki/Wikipedia:Text_of_Creative_Commons_Attribution-ShareAlike_3.0_Unported_License,//en.wikipedia.org/wiki/Wikipedia:Text_of_Creative_Commons_Attribution-ShareAlike_3.0_Unported_License,Creative Commons Attribution-ShareAlike License,null
//creativecommons.org/licenses/by-sa/3.0/,//creativecommons.org/licenses/by-sa/3.0/,null,null
//wikimediafoundation.org/wiki/Terms_of_Use,//wikimediafoundation.org/wiki/Terms_of_Use,Terms of Use,null
//wikimediafoundation.org/wiki/Privacy_policy,//wikimediafoundation.org/wiki/Privacy_policy,Privacy Policy,null
//www.wikimediafoundation.org/,//www.wikimediafoundation.org/,Wikimedia Foundation, Inc.,null
https://wikimediafoundation.org/wiki/Privacy_policy,https://wikimediafoundation.org/wiki/Privacy_policy,Privacy policy,wmf:Privacy policy
/wiki/Wikipedia:General_disclaimer,/wiki/Wikipedia:General_disclaimer,Disclaimers,Wikipedia:General disclaimer
https://www.mediawiki.org/wiki/Special:MyLanguage/How_to_contribute,https://www.mediawiki.org/wiki/Special:MyLanguage/How_to_contribute,Developers,null
https://wikimediafoundation.org/wiki/Cookie_statement,https://wikimediafoundation.org/wiki/Cookie_statement,Cookie statement,null
//en.m.wikipedia.org/w/index.php?title=Mid-Autumn_Festival&mobileaction=toggle_view_mobile,//en.m.wikipedia.org/w/index.php?title=Mid-Autumn_Festival&mobileaction=toggle_view_mobile,Mobile view,null
https://wikimediafoundation.org/,https://wikimediafoundation.org/,null,null
//www.mediawiki.org/,//www.mediawiki.org/,null,null
