https://en.wikipedia.org/wiki/Tsukimi,https://en.wikipedia.org/wiki/Tsukimi,Tsukimi,Tsukimi
https://en.wikipedia.org/wiki/Chuseok,https://en.wikipedia.org/wiki/Chuseok,Chuseok,Chuseok
https://en.wikipedia.org/wiki/File:Mid-Autumn_Festival-beijing.jpg,https://en.wikipedia.org/wiki/File:Mid-Autumn_Festival-beijing.jpg,null,null
https://en.wikipedia.org/wiki/Beijing,https://en.wikipedia.org/wiki/Beijing,Beijing,Beijing
https://en.wikipedia.org/wiki/China,https://en.wikipedia.org/wiki/China,null,China
https://en.wikipedia.org/wiki/Taiwan,https://en.wikipedia.org/wiki/Taiwan,Taiwan,Taiwan
https://en.wikipedia.org/wiki/Malaysia,https://en.wikipedia.org/wiki/Malaysia,Malaysia,Malaysia
https://en.wikipedia.org/wiki/Singapore,https://en.wikipedia.org/wiki/Singapore,Singapore,Singapore
https://en.wikipedia.org/wiki/Hong_Kong,https://en.wikipedia.org/wiki/Hong_Kong,null,Hong Kong
https://en.wikipedia.org/wiki/Macau,https://en.wikipedia.org/wiki/Macau,Macau,Macau
https://en.wikipedia.org/wiki/Vietnam,https://en.wikipedia.org/wiki/Vietnam,null,Vietnam
https://en.wikipedia.org/wiki/Mooncake,https://en.wikipedia.org/wiki/Mooncake,Mooncake,Mooncake
https://en.wikipedia.org/wiki/Cassia_wine,https://en.wikipedia.org/wiki/Cassia_wine,cassia wine,Cassia wine
https://en.wikipedia.org/wiki/Lunar_month,https://en.wikipedia.org/wiki/Lunar_month,lunar month,Lunar month
https://en.wikipedia.org/wiki/Uposatha,https://en.wikipedia.org/wiki/Uposatha,Uposatha,Uposatha
https://en.wikipedia.org/wiki/Ashvini,https://en.wikipedia.org/wiki/Ashvini,Ashvini,Ashvini
https://en.wikipedia.org/wiki/K%E1%B9%9Bttik%C4%81,https://en.wikipedia.org/wiki/K%E1%B9%9Bttik%C4%81,Kṛttikā,Kṛttikā
https://en.wikipedia.org/wiki/File:Mid-Autumn_Festival_(Chinese_characters).svg,https://en.wikipedia.org/wiki/File:Mid-Autumn_Festival_(Chinese_characters).svg,null,null
https://en.wikipedia.org/wiki/Traditional_Chinese_characters,https://en.wikipedia.org/wiki/Traditional_Chinese_characters,traditional Chinese,Traditional Chinese characters
https://en.wikipedia.org/wiki/Simplified_Chinese_characters,https://en.wikipedia.org/wiki/Simplified_Chinese_characters,simplified Chinese,Simplified Chinese characters
https://en.wikipedia.org/wiki/Standard_Chinese,https://en.wikipedia.org/wiki/Standard_Chinese,Standard Mandarin,Standard Chinese
https://en.wikipedia.org/wiki/Hanyu_Pinyin,https://en.wikipedia.org/wiki/Hanyu_Pinyin,Hanyu Pinyin,Hanyu Pinyin
https://en.wikipedia.org/wiki/Wade%E2%80%93Giles,https://en.wikipedia.org/wiki/Wade%E2%80%93Giles,Wade–Giles,Wade–Giles
https://en.wikipedia.org/wiki/Help:IPA/Mandarin,https://en.wikipedia.org/wiki/Help:IPA/Mandarin,[ʈʂʊ́ŋ.tɕʰjóu tɕjě],Help:IPA/Mandarin
https://en.wikipedia.org/wiki/Wu_Chinese,https://en.wikipedia.org/wiki/Wu_Chinese,Wu,Wu Chinese
https://en.wikipedia.org/wiki/Suzhounese,https://en.wikipedia.org/wiki/Suzhounese,Suzhounese,Suzhounese
https://en.wikipedia.org/wiki/Hakka_Chinese,https://en.wikipedia.org/wiki/Hakka_Chinese,Hakka,Hakka Chinese
https://en.wikipedia.org/wiki/Guangdong_Romanization#Hakka,https://en.wikipedia.org/wiki/Guangdong_Romanization#Hakka,Romanization,Guangdong Romanization
https://en.wikipedia.org/wiki/Cantonese,https://en.wikipedia.org/wiki/Cantonese,Cantonese,Cantonese
https://en.wikipedia.org/wiki/Yale_romanization_of_Cantonese,https://en.wikipedia.org/wiki/Yale_romanization_of_Cantonese,Yale Romanization,Yale romanization of Cantonese
https://en.wikipedia.org/wiki/Help:IPA/Cantonese,https://en.wikipedia.org/wiki/Help:IPA/Cantonese,[tsóŋ.tsʰɐ́u tsīːt̚],Help:IPA/Cantonese
https://en.wikipedia.org/wiki/Jyutping,https://en.wikipedia.org/wiki/Jyutping,Jyutping,Jyutping
https://en.wikipedia.org/wiki/Min_Chinese,https://en.wikipedia.org/wiki/Min_Chinese,Min Chinese,Min Chinese
https://en.wiktionary.org/wiki/%E5%85%AB%E6%9C%88%E7%AF%80,https://en.wiktionary.org/wiki/%E5%85%AB%E6%9C%88%E7%AF%80,八月節,wikt:八月節
https://en.wikipedia.org/wiki/Southern_Min,https://en.wikipedia.org/wiki/Southern_Min,Southern Min,Southern Min
https://en.wikipedia.org/wiki/Hokkien,https://en.wikipedia.org/wiki/Hokkien,Hokkien,Hokkien
https://en.wikipedia.org/wiki/Pe%CC%8Dh-%C5%8De-j%C4%AB,https://en.wikipedia.org/wiki/Pe%CC%8Dh-%C5%8De-j%C4%AB,POJ,Pe̍h-ōe-jī
https://en.wikipedia.org/wiki/Eastern_Min,https://en.wikipedia.org/wiki/Eastern_Min,Eastern Min,Eastern Min
https://en.wikipedia.org/wiki/Fuzhou_dialect,https://en.wikipedia.org/wiki/Fuzhou_dialect,Fuzhou,Fuzhou dialect
https://en.wikipedia.org/wiki/Foochow_Romanized,https://en.wikipedia.org/wiki/Foochow_Romanized,BUC,Foochow Romanized
https://en.wikipedia.org/wiki/Vietnamese_language,https://en.wikipedia.org/wiki/Vietnamese_language,Vietnamese,Vietnamese language
https://en.wiktionary.org/wiki/T%E1%BA%BFt_Trung_Thu,https://en.wiktionary.org/wiki/T%E1%BA%BFt_Trung_Thu,Tết Trung Thu,wikt:Tết Trung Thu
https://en.wikipedia.org/wiki/Ch%E1%BB%AF_N%C3%B4m,https://en.wikipedia.org/wiki/Ch%E1%BB%AF_N%C3%B4m,Chữ Nôm,Chữ Nôm
https://en.wiktionary.org/wiki/%E7%AF%80,https://en.wiktionary.org/wiki/%E7%AF%80,節,wikt:節
https://en.wiktionary.org/wiki/%E4%B8%AD,https://en.wiktionary.org/wiki/%E4%B8%AD,中,wikt:中
https://en.wiktionary.org/wiki/%E7%A7%8B,https://en.wiktionary.org/wiki/%E7%A7%8B,秋,wikt:秋
https://en.wikipedia.org/wiki/Harvest_festival,https://en.wikipedia.org/wiki/Harvest_festival,harvest festival,Harvest festival
https://en.wikipedia.org/wiki/Chinese_people,https://en.wikipedia.org/wiki/Chinese_people,Chinese,Chinese people
https://en.wikipedia.org/wiki/Vietnamese_people,https://en.wikipedia.org/wiki/Vietnamese_people,Vietnamese,Vietnamese people
https://en.wikipedia.org/wiki/Lunar_calendar,https://en.wikipedia.org/wiki/Lunar_calendar,lunar calendar,Lunar calendar
https://en.wikipedia.org/wiki/Full_moon,https://en.wikipedia.org/wiki/Full_moon,full moon,Full moon
https://en.wikipedia.org/wiki/Gregorian_calendar,https://en.wikipedia.org/wiki/Gregorian_calendar,Gregorian calendar,Gregorian calendar
https://en.wikipedia.org/w/index.php?title=Mid-Autumn_Festival&action=edit&section=1,https://en.wikipedia.org/w/index.php?title=Mid-Autumn_Festival&action=edit&section=1,edit,Edit section: Alternative names
https://en.wikipedia.org/wiki/Mandarin_Chinese,https://en.wikipedia.org/wiki/Mandarin_Chinese,Mandarin Chinese,Mandarin Chinese
https://en.wikipedia.org/wiki/Lantern_Festival,https://en.wikipedia.org/wiki/Lantern_Festival,Lantern Festival,Lantern Festival
https://en.wikipedia.org/w/index.php?title=Mid-Autumn_Festival&action=edit&section=2,https://en.wikipedia.org/w/index.php?title=Mid-Autumn_Festival&action=edit&section=2,edit,Edit section: Meanings of the festival
https://en.wikipedia.org/w/index.php?title=Mid-Autumn_Festival&action=edit&section=3,https://en.wikipedia.org/w/index.php?title=Mid-Autumn_Festival&action=edit&section=3,edit,Edit section: Origins and development
https://en.wikipedia.org/wiki/Shang_dynasty,https://en.wikipedia.org/wiki/Shang_dynasty,Shang dynasty,Shang dynasty
https://en.wikipedia.org/wiki/Hakka_people,https://en.wikipedia.org/wiki/Hakka_people,Hakka people,Hakka people
https://en.wikipedia.org/wiki/Baiyue,https://en.wikipedia.org/wiki/Baiyue,Baiyue,Baiyue
https://en.wikipedia.org/wiki/Tang_dynasty,https://en.wikipedia.org/wiki/Tang_dynasty,Tang dynasty,Tang dynasty
https://en.wikipedia.org/wiki/Emperor_Xuanzong_of_Tang,https://en.wikipedia.org/wiki/Emperor_Xuanzong_of_Tang,Emperor Xuanzong of Tang,Emperor Xuanzong of Tang
https://en.wikipedia.org/wiki/Rites_of_Zhou,https://en.wikipedia.org/wiki/Rites_of_Zhou,Rites of Zhou,Rites of Zhou
https://en.wikipedia.org/wiki/Western_Zhou_dynasty,https://en.wikipedia.org/wiki/Western_Zhou_dynasty,Western Zhou dynasty,Western Zhou dynasty
https://en.wikipedia.org/wiki/Empress_Dowager_Cixi,https://en.wikipedia.org/wiki/Empress_Dowager_Cixi,Empress Dowager Cixi,Empress Dowager Cixi
https://en.wikipedia.org/w/index.php?title=Mid-Autumn_Festival&action=edit&section=4,https://en.wikipedia.org/w/index.php?title=Mid-Autumn_Festival&action=edit&section=4,edit,Edit section: Moon worship
https://en.wikipedia.org/wiki/File:Chang%27e_flies_to_the_moon_-_Project_Gutenberg_eText_15250.jpg,https://en.wikipedia.org/wiki/File:Chang%27e_flies_to_the_moon_-_Project_Gutenberg_eText_15250.jpg,null,null
https://en.wikipedia.org/wiki/Houyi,https://en.wikipedia.org/wiki/Houyi,Hou Yi,Houyi
https://en.wikipedia.org/wiki/Menstruation,https://en.wikipedia.org/wiki/Menstruation,menstruation,Menstruation
https://en.wikipedia.org/wiki/Zhuang_people,https://en.wikipedia.org/wiki/Zhuang_people,Zhuang people,Zhuang people
https://en.wikipedia.org/wiki/Chang%27e,https://en.wikipedia.org/wiki/Chang%27e,Chang'e,Chang'e
https://en.wikipedia.org/w/index.php?title=Peng_Meng&action=edit&redlink=1,https://en.wikipedia.org/w/index.php?title=Peng_Meng&action=edit&redlink=1,Peng Meng,Peng Meng (page does not exist)
https://en.wikipedia.org/wiki/Xiwangmu,https://en.wikipedia.org/wiki/Xiwangmu,Xiwangmu,Xiwangmu
https://en.wikipedia.org/w/index.php?title=Mid-Autumn_Festival&action=edit&section=5,https://en.wikipedia.org/w/index.php?title=Mid-Autumn_Festival&action=edit&section=5,edit,Edit section: Modern celebration
https://en.wikipedia.org/wiki/Incense,https://en.wikipedia.org/wiki/Incense,incense,Incense
https://en.wikipedia.org/wiki/Dragon_dance,https://en.wikipedia.org/wiki/Dragon_dance,dragon,Dragon dance
https://en.wikipedia.org/wiki/Lion_dance,https://en.wikipedia.org/wiki/Lion_dance,lion dances,Lion dance
https://en.wikipedia.org/w/index.php?title=Mid-Autumn_Festival&action=edit&section=6,https://en.wikipedia.org/w/index.php?title=Mid-Autumn_Festival&action=edit&section=6,edit,Edit section: Lanterns
https://en.wikipedia.org/wiki/File:Mid-Autumn_Festival,_Chinatown_32,_102006.JPG,https://en.wikipedia.org/wiki/File:Mid-Autumn_Festival,_Chinatown_32,_102006.JPG,null,null
https://en.wikipedia.org/wiki/File:HK_SYP_Queen%27s_Road_West_Mid-Autumn_Festival_Lanterns_01_Shop.JPG,https://en.wikipedia.org/wiki/File:HK_SYP_Queen%27s_Road_West_Mid-Autumn_Festival_Lanterns_01_Shop.JPG,null,null
https://en.wikipedia.org/wiki/Lantern,https://en.wikipedia.org/wiki/Lantern,lanterns,Lantern
https://en.wikipedia.org/wiki/Sky_lantern,https://en.wikipedia.org/wiki/Sky_lantern,sky lanterns,Sky lantern
https://en.wikipedia.org/wiki/Pinyin,https://en.wikipedia.org/wiki/Pinyin,pinyin,Pinyin
https://en.wikipedia.org/wiki/Ghost_Festival,https://en.wikipedia.org/wiki/Ghost_Festival,Ghost Festival,Ghost Festival
https://en.wikipedia.org/wiki/Qing_dynasty,https://en.wikipedia.org/wiki/Qing_dynasty,Qing dynasty,Qing dynasty
https://en.wikipedia.org/wiki/Papier-m%C3%A2ch%C3%A9,https://en.wikipedia.org/wiki/Papier-m%C3%A2ch%C3%A9,papier-mâché,Papier-mâché
https://en.wikipedia.org/wiki/L%C3%BD_dynasty,https://en.wikipedia.org/wiki/L%C3%BD_dynasty,Lý dynasty,Lý dynasty
https://en.wikipedia.org/wiki/Pok%C3%A9mon,https://en.wikipedia.org/wiki/Pok%C3%A9mon,Pokémon,Pokémon
https://en.wikipedia.org/wiki/Pikachu,https://en.wikipedia.org/wiki/Pikachu,Pikachu,Pikachu
https://en.wikipedia.org/wiki/Disney,https://en.wikipedia.org/wiki/Disney,Disney,Disney
https://en.wikipedia.org/wiki/SpongeBob_SquarePants,https://en.wikipedia.org/wiki/SpongeBob_SquarePants,SpongeBob SquarePants,SpongeBob SquarePants
https://en.wikipedia.org/wiki/Hello_Kitty,https://en.wikipedia.org/wiki/Hello_Kitty,Hello Kitty,Hello Kitty
https://en.wikipedia.org/w/index.php?title=Mid-Autumn_Festival&action=edit&section=7,https://en.wikipedia.org/w/index.php?title=Mid-Autumn_Festival&action=edit&section=7,edit,Edit section: Mooncakes
https://en.wikipedia.org/wiki/File:Moon_Cakes.jpg,https://en.wikipedia.org/wiki/File:Moon_Cakes.jpg,null,null
https://en.wikipedia.org/wiki/File:Banhtrungthu.jpg,https://en.wikipedia.org/wiki/File:Banhtrungthu.jpg,null,null
https://en.wikipedia.org/wiki/Wikipedia:Citation_needed,https://en.wikipedia.org/wiki/Wikipedia:Citation_needed,citation needed,Wikipedia:Citation needed
https://en.wikipedia.org/wiki/Cinnamomum_cassia,https://en.wikipedia.org/wiki/Cinnamomum_cassia,cassia,Cinnamomum cassia
https://en.wikipedia.org/wiki/Pagoda,https://en.wikipedia.org/wiki/Pagoda,pagoda,Pagoda
https://en.wikipedia.org/wiki/Turpan,https://en.wikipedia.org/wiki/Turpan,Turpan,Turpan
https://en.wikipedia.org/wiki/Emperor_Taizong_of_Tang,https://en.wikipedia.org/wiki/Emperor_Taizong_of_Tang,Emperor Taizong of Tang,Emperor Taizong of Tang
https://en.wikipedia.org/wiki/Xiongnu,https://en.wikipedia.org/wiki/Xiongnu,Xiongnu,Xiongnu
https://en.wikipedia.org/wiki/Mooncakes,https://en.wikipedia.org/wiki/Mooncakes,mooncakes,Mooncakes
https://en.wikipedia.org/wiki/Song_dynasty,https://en.wikipedia.org/wiki/Song_dynasty,Song dynasty,Song dynasty
https://en.wikipedia.org/wiki/Han_Chinese,https://en.wikipedia.org/wiki/Han_Chinese,Han Chinese,Han Chinese
https://en.wikipedia.org/wiki/Mongols,https://en.wikipedia.org/wiki/Mongols,Mongols,Mongols
https://en.wikipedia.org/wiki/Yuan_dynasty,https://en.wikipedia.org/wiki/Yuan_dynasty,Yuan dynasty,Yuan dynasty
https://en.wikipedia.org/w/index.php?title=Mid-Autumn_Festival&action=edit&section=8,https://en.wikipedia.org/w/index.php?title=Mid-Autumn_Festival&action=edit&section=8,edit,Edit section: Other foods and food displays
https://en.wikipedia.org/wiki/File:Chinesischer_Duftwein_Flasche.jpg,https://en.wikipedia.org/wiki/File:Chinesischer_Duftwein_Flasche.jpg,null,null
https://en.wikipedia.org/wiki/File:T%C3%B2_he.JPG,https://en.wikipedia.org/wiki/File:T%C3%B2_he.JPG,null,null
https://en.wikipedia.org/wiki/Tea,https://en.wikipedia.org/wiki/Tea,tea,Tea
https://en.wikipedia.org/wiki/Pomegranate,https://en.wikipedia.org/wiki/Pomegranate,pomegranates,Pomegranate
https://en.wikipedia.org/wiki/Pomelo,https://en.wikipedia.org/wiki/Pomelo,pomelos,Pomelo
https://en.wikipedia.org/wiki/Jade_Rabbit,https://en.wikipedia.org/wiki/Jade_Rabbit,Jade Rabbit,Jade Rabbit
https://en.wikipedia.org/wiki/Xu%C3%A2n_La,_T%C3%A2y_H%E1%BB%93,https://en.wikipedia.org/wiki/Xu%C3%A2n_La,_T%C3%A2y_H%E1%BB%93,Xuân La,Xuân La, Tây Hồ
https://en.wikipedia.org/wiki/Hanoi,https://en.wikipedia.org/wiki/Hanoi,Hanoi,Hanoi
https://en.wikipedia.org/w/index.php?title=Mid-Autumn_Festival&action=edit&section=9,https://en.wikipedia.org/w/index.php?title=Mid-Autumn_Festival&action=edit&section=9,edit,Edit section: Courtship and matchmaking
https://en.wikipedia.org/w/index.php?title=Daguang&action=edit&redlink=1,https://en.wikipedia.org/w/index.php?title=Daguang&action=edit&redlink=1,Daguang,Daguang (page does not exist)
https://en.wikipedia.org/wiki/Guizhou_Province,https://en.wikipedia.org/wiki/Guizhou_Province,Guizhou Province,Guizhou Province
https://en.wikipedia.org/wiki/Dong_people,https://en.wikipedia.org/wiki/Dong_people,Dong people,Dong people
https://en.wikipedia.org/w/index.php?title=Mid-Autumn_Festival&action=edit&section=10,https://en.wikipedia.org/w/index.php?title=Mid-Autumn_Festival&action=edit&section=10,edit,Edit section: Games and activities
https://en.wikipedia.org/wiki/Guangdong,https://en.wikipedia.org/wiki/Guangdong,Guangdong,Guangdong
https://en.wikipedia.org/wiki/Chinese_language,https://en.wikipedia.org/wiki/Chinese_language,Chinese,Chinese language
https://en.wikipedia.org/wiki/Eight_Immortals,https://en.wikipedia.org/wiki/Eight_Immortals,Eight Immortals,Eight Immortals
https://en.wikipedia.org/w/index.php?title=Mid-Autumn_Festival&action=edit&section=11,https://en.wikipedia.org/w/index.php?title=Mid-Autumn_Festival&action=edit&section=11,edit,Edit section: Practices by region and cultures
https://en.wikipedia.org/wiki/File:Montreal_JBotanique2_tango7174.jpg,https://en.wikipedia.org/wiki/File:Montreal_JBotanique2_tango7174.jpg,null,null
https://en.wikipedia.org/wiki/Montreal,https://en.wikipedia.org/wiki/Montreal,Montreal,Montreal
https://en.wikipedia.org/wiki/File:Chinese_Mid-Autumn_Festival,_Belfast,_September_2012_(10).JPG,https://en.wikipedia.org/wiki/File:Chinese_Mid-Autumn_Festival,_Belfast,_September_2012_(10).JPG,null,null
https://en.wikipedia.org/wiki/Belfast,_Northern_Ireland,https://en.wikipedia.org/wiki/Belfast,_Northern_Ireland,Belfast, Northern Ireland,Belfast, Northern Ireland
https://en.wikipedia.org/wiki/File:Mid-Autumn_Festival_21,_Chinatown,_Singapore,_Sep_06.JPG,https://en.wikipedia.org/wiki/File:Mid-Autumn_Festival_21,_Chinatown,_Singapore,_Sep_06.JPG,null,null
https://en.wikipedia.org/wiki/Chinatown,_Singapore,https://en.wikipedia.org/wiki/Chinatown,_Singapore,Chinatown, Singapore,Chinatown, Singapore
https://en.wikipedia.org/wiki/File:Mid-Autumn_Festival1.JPG,https://en.wikipedia.org/wiki/File:Mid-Autumn_Festival1.JPG,null,null
https://en.wikipedia.org/wiki/Victoria_Park,_Hong_Kong,https://en.wikipedia.org/wiki/Victoria_Park,_Hong_Kong,Victoria Park, Hong Kong,Victoria Park, Hong Kong
https://en.wikipedia.org/w/index.php?title=Mid-Autumn_Festival&action=edit&section=12,https://en.wikipedia.org/w/index.php?title=Mid-Autumn_Festival&action=edit&section=12,edit,Edit section: Xiamen
https://en.wikipedia.org/wiki/Xiamen,https://en.wikipedia.org/wiki/Xiamen,Xiamen,Xiamen
https://en.wikipedia.org/w/index.php?title=Mid-Autumn_Festival&action=edit&section=13,https://en.wikipedia.org/w/index.php?title=Mid-Autumn_Festival&action=edit&section=13,edit,Edit section: Hong Kong and Macau
https://en.wikipedia.org/wiki/File:25_Largo_do_Senado,_Macau_-_panoramio.jpg,https://en.wikipedia.org/wiki/File:25_Largo_do_Senado,_Macau_-_panoramio.jpg,null,Enlarge
https://en.wikipedia.org/wiki/Senado_Square,https://en.wikipedia.org/wiki/Senado_Square,Senado Square,Senado Square
https://en.wikipedia.org/wiki/Environmental_protection,https://en.wikipedia.org/wiki/Environmental_protection,environmental protection,Environmental protection
https://en.wikipedia.org/wiki/Packaging,https://en.wikipedia.org/wiki/Packaging,packaging,Packaging
https://en.wikipedia.org/wiki/Ice-cream,https://en.wikipedia.org/wiki/Ice-cream,ice-cream mooncake,Ice-cream
https://en.wikipedia.org/wiki/Snow_skin_mooncake,https://en.wikipedia.org/wiki/Snow_skin_mooncake,snow skin mooncake,Snow skin mooncake
https://en.wikipedia.org/w/index.php?title=Mid-Autumn_Festival&action=edit&section=14,https://en.wikipedia.org/w/index.php?title=Mid-Autumn_Festival&action=edit&section=14,edit,Edit section: Ethnic minorities in China
https://en.wikipedia.org/wiki/Yanbian_Korean_Autonomous_Prefecture,https://en.wikipedia.org/wiki/Yanbian_Korean_Autonomous_Prefecture,Yanbian Korean Autonomous Prefecture,Yanbian Korean Autonomous Prefecture
https://en.wikipedia.org/wiki/Bouyei_people,https://en.wikipedia.org/wiki/Bouyei_people,Bouyei people,Bouyei people
https://en.wikipedia.org/wiki/Tu_people,https://en.wikipedia.org/wiki/Tu_people,Tu people,Tu people
https://en.wikipedia.org/wiki/Maonan_people,https://en.wikipedia.org/wiki/Maonan_people,Maonan people,Maonan people
https://en.wikipedia.org/w/index.php?title=Mid-Autumn_Festival&action=edit&section=15,https://en.wikipedia.org/w/index.php?title=Mid-Autumn_Festival&action=edit&section=15,edit,Edit section: Vietnam
https://en.wikipedia.org/wiki/File:Den_ong_sao.JPG,https://en.wikipedia.org/wiki/File:Den_ong_sao.JPG,null,Enlarge
https://en.wikipedia.org/wiki/Animism,https://en.wikipedia.org/wiki/Animism,animist,Animism
https://en.wikipedia.org/wiki/Banyan,https://en.wikipedia.org/wiki/Banyan,banyan,Banyan
https://en.wikipedia.org/wiki/Lucky_money,https://en.wikipedia.org/wiki/Lucky_money,lucky money,Lucky money
https://en.wikipedia.org/w/index.php?title=Mid-Autumn_Festival&action=edit&section=16,https://en.wikipedia.org/w/index.php?title=Mid-Autumn_Festival&action=edit&section=16,edit,Edit section: Philippines
https://en.wikipedia.org/wiki/Philippines,https://en.wikipedia.org/wiki/Philippines,Philippines,Philippines
https://en.wikipedia.org/wiki/Chinese_Filipino,https://en.wikipedia.org/wiki/Chinese_Filipino,Filipino-Chinese,Chinese Filipino
https://en.wikipedia.org/wiki/Pua_Tiong_Chiu,https://en.wikipedia.org/wiki/Pua_Tiong_Chiu,Pua Tiong Chiu,Pua Tiong Chiu
https://en.wikipedia.org/wiki/Philippine_Hokkien,https://en.wikipedia.org/wiki/Philippine_Hokkien,Philippine Hokkien,Philippine Hokkien
https://zh.wikipedia.org/wiki/%E4%B8%AD%E7%A7%8B%E5%8D%9A%E9%A5%BC,https://zh.wikipedia.org/wiki/%E4%B8%AD%E7%A7%8B%E5%8D%9A%E9%A5%BC,中秋博饼,zh-tw:中秋博饼
https://en.wikipedia.org/w/index.php?title=Mid-Autumn_Festival&action=edit&section=17,https://en.wikipedia.org/w/index.php?title=Mid-Autumn_Festival&action=edit&section=17,edit,Edit section: Taiwan
https://en.wikipedia.org/wiki/Taipei_City,https://en.wikipedia.org/wiki/Taipei_City,Taipei City,Taipei City
https://en.wikipedia.org/w/index.php?title=Mid-Autumn_Festival&action=edit&section=18,https://en.wikipedia.org/w/index.php?title=Mid-Autumn_Festival&action=edit&section=18,edit,Edit section: Similar traditions in other parts of Asia
https://en.wikipedia.org/w/index.php?title=Mid-Autumn_Festival&action=edit&section=19,https://en.wikipedia.org/w/index.php?title=Mid-Autumn_Festival&action=edit&section=19,edit,Edit section: India
https://en.wikipedia.org/wiki/Sharad_Purnima,https://en.wikipedia.org/wiki/Sharad_Purnima,Sharad Purnima,Sharad Purnima
https://en.wikipedia.org/wiki/Ashvin,https://en.wikipedia.org/wiki/Ashvin,Ashvin,Ashvin
https://en.wikipedia.org/w/index.php?title=Mid-Autumn_Festival&action=edit&section=20,https://en.wikipedia.org/w/index.php?title=Mid-Autumn_Festival&action=edit&section=20,edit,Edit section: Japan
https://en.wikipedia.org/w/index.php?title=Mid-Autumn_Festival&action=edit&section=21,https://en.wikipedia.org/w/index.php?title=Mid-Autumn_Festival&action=edit&section=21,edit,Edit section: Korea
https://en.wikipedia.org/wiki/Songpyeon,https://en.wikipedia.org/wiki/Songpyeon,songpyeon,Songpyeon
https://en.wikipedia.org/w/index.php?title=Mid-Autumn_Festival&action=edit&section=22,https://en.wikipedia.org/w/index.php?title=Mid-Autumn_Festival&action=edit&section=22,edit,Edit section: Southeast Asia
https://en.wikipedia.org/w/index.php?title=Mid-Autumn_Festival&action=edit&section=23,https://en.wikipedia.org/w/index.php?title=Mid-Autumn_Festival&action=edit&section=23,edit,Edit section: Cambodia
https://en.wikipedia.org/wiki/Cambodia,https://en.wikipedia.org/wiki/Cambodia,Cambodia,Cambodia
https://en.wikipedia.org/wiki/Chinese_Cambodian,https://en.wikipedia.org/wiki/Chinese_Cambodian,Chinese Cambodian,Chinese Cambodian
https://en.wikipedia.org/wiki/Khmer_people,https://en.wikipedia.org/wiki/Khmer_people,Khmer people,Khmer people
https://en.wikipedia.org/w/index.php?title=Mid-Autumn_Festival&action=edit&section=24,https://en.wikipedia.org/w/index.php?title=Mid-Autumn_Festival&action=edit&section=24,edit,Edit section: Laos
https://en.wikipedia.org/wiki/That_Luang_Festival,https://en.wikipedia.org/wiki/That_Luang_Festival,That Luang Festival,That Luang Festival
https://en.wikipedia.org/wiki/Vientiane,https://en.wikipedia.org/wiki/Vientiane,Vientiane,Vientiane
https://en.wikipedia.org/w/index.php?title=Mid-Autumn_Festival&action=edit&section=25,https://en.wikipedia.org/w/index.php?title=Mid-Autumn_Festival&action=edit&section=25,edit,Edit section: Myanmar
https://en.wikipedia.org/wiki/Thadingyut_Festival,https://en.wikipedia.org/wiki/Thadingyut_Festival,Thadingyut Festival,Thadingyut Festival
https://en.wikipedia.org/wiki/Thingyan,https://en.wikipedia.org/wiki/Thingyan,Thingyan,Thingyan
https://en.wikipedia.org/w/index.php?title=Mid-Autumn_Festival&action=edit&section=26,https://en.wikipedia.org/w/index.php?title=Mid-Autumn_Festival&action=edit&section=26,edit,Edit section: Sri Lanka
https://en.wikipedia.org/wiki/Poya,https://en.wikipedia.org/wiki/Poya,Poya,Poya
https://en.wikipedia.org/w/index.php?title=Mid-Autumn_Festival&action=edit&section=27,https://en.wikipedia.org/w/index.php?title=Mid-Autumn_Festival&action=edit&section=27,edit,Edit section: Dates
https://en.wikipedia.org/wiki/Chinese_calendar,https://en.wikipedia.org/wiki/Chinese_calendar,Han calendar,Chinese calendar
https://en.wikipedia.org/w/index.php?title=Mid-Autumn_Festival&action=edit&section=28,https://en.wikipedia.org/w/index.php?title=Mid-Autumn_Festival&action=edit&section=28,edit,Edit section: See also
https://en.wikipedia.org/wiki/Agriculture_in_China,https://en.wikipedia.org/wiki/Agriculture_in_China,Agriculture in China,Agriculture in China
https://en.wikipedia.org/wiki/Agriculture_in_Vietnam,https://en.wikipedia.org/wiki/Agriculture_in_Vietnam,Agriculture,Agriculture in Vietnam
https://en.wikipedia.org/wiki/Chinese_holidays,https://en.wikipedia.org/wiki/Chinese_holidays,Chinese holidays,Chinese holidays
https://en.wikipedia.org/wiki/Vietnamese_holidays,https://en.wikipedia.org/wiki/Vietnamese_holidays,Vietnamese holidays,Vietnamese holidays
https://en.wikipedia.org/wiki/List_of_harvest_festivals,https://en.wikipedia.org/wiki/List_of_harvest_festivals,List of harvest festivals,List of harvest festivals
https://en.wikipedia.org/w/index.php?title=Mid-Autumn_Festival&action=edit&section=29,https://en.wikipedia.org/w/index.php?title=Mid-Autumn_Festival&action=edit&section=29,edit,Edit section: References
http://news.xinhuanet.com/english2010/culture/2011-09/12/c_131134150.htm,http://news.xinhuanet.com/english2010/culture/2011-09/12/c_131134150.htm,"Mid-Autumn Festival and its traditions",null
https://en.wikipedia.org/wiki/International_Standard_Book_Number,https://en.wikipedia.org/wiki/International_Standard_Book_Number,ISBN,International Standard Book Number
https://en.wikipedia.org/wiki/Special:BookSources/0520238729,https://en.wikipedia.org/wiki/Special:BookSources/0520238729,0520238729,Special:BookSources/0520238729
https://www.travelchinaguide.com/essential/holidays/mid-autumn-asia.htm,https://www.travelchinaguide.com/essential/holidays/mid-autumn-asia.htm,"Mid-Autumn Festival in Other Asian Countries",null
http://kaleidoscope.cultural-china.com/en/8Kaleidoscope562.html,http://kaleidoscope.cultural-china.com/en/8Kaleidoscope562.html,"A Chinese Symbol of Reunion: Moon Cakes – China culture",null
https://kwgls.wordpress.com/2014/08/10/back-to-basicsbaked-traditional-mooncake-%E4%BC%A0%E7%BB%9F%E7%B2%A4%E5%BC%8F%E6%9C%88%E9%A5%BC%EF%BC%89/,https://kwgls.wordpress.com/2014/08/10/back-to-basicsbaked-traditional-mooncake-%E4%BC%A0%E7%BB%9F%E7%B2%A4%E5%BC%8F%E6%9C%88%E9%A5%BC%EF%BC%89/,"Back to Basics: Baked Traditional Moon Cakes",null
https://www.theatlantic.com/health/archive/2009/10/mooncakes-chinas-evolving-tradition/27723/,https://www.theatlantic.com/health/archive/2009/10/mooncakes-chinas-evolving-tradition/27723/,"Mooncakes: China's Evolving Tradition",null
http://www.scio.gov.cn/32618/Document/1490259/1490259.htm,http://www.scio.gov.cn/32618/Document/1490259/1490259.htm,"Customs around the Mid-Autumn Festival",null
https://en.wikipedia.org/wiki/Special:BookSources/7508509994,https://en.wikipedia.org/wiki/Special:BookSources/7508509994,7508509994,Special:BookSources/7508509994
https://en.wikipedia.org/wiki/Special:BookSources/0313350663,https://en.wikipedia.org/wiki/Special:BookSources/0313350663,0313350663,Special:BookSources/0313350663
http://onlinelibrary.wiley.com/doi/10.1111/j.0022-3840.1999.3302_67.x/abstract,http://onlinelibrary.wiley.com/doi/10.1111/j.0022-3840.1999.3302_67.x/abstract,"Lanterns of the mid-Autumn Festival: A Reflection of Hong Kong Cultural Change",null
https://en.wikipedia.org/wiki/Digital_object_identifier,https://en.wikipedia.org/wiki/Digital_object_identifier,doi,Digital object identifier
https://en.wikipedia.org//doi.org/10.1111%2Fj.0022-3840.1999.3302_67.x,https://en.wikipedia.org//doi.org/10.1111%2Fj.0022-3840.1999.3302_67.x,10.1111/j.0022-3840.1999.3302_67.x,null
https://en.wikipedia.org/wiki/Special:BookSources/8876528482,https://en.wikipedia.org/wiki/Special:BookSources/8876528482,8876528482,Special:BookSources/8876528482
https://en.wikipedia.org/wiki/Special:BookSources/1576070891,https://en.wikipedia.org/wiki/Special:BookSources/1576070891,1576070891,Special:BookSources/1576070891
https://en.wikipedia.org/wiki/Special:BookSources/157607806X,https://en.wikipedia.org/wiki/Special:BookSources/157607806X,157607806X,Special:BookSources/157607806X
https://en.wikipedia.org/wiki/Special:BookSources/0835124819,https://en.wikipedia.org/wiki/Special:BookSources/0835124819,0835124819,Special:BookSources/0835124819
https://en.wikipedia.org//doi.org/10.2979%2Fjfr.2006.43.3.263,https://en.wikipedia.org//doi.org/10.2979%2Fjfr.2006.43.3.263,10.2979/jfr.2006.43.3.263,null
https://en.wikipedia.org/wiki/JSTOR,https://en.wikipedia.org/wiki/JSTOR,JSTOR,JSTOR
https://en.wikipedia.org//www.jstor.org/stable/4640212,https://en.wikipedia.org//www.jstor.org/stable/4640212,4640212,null
http://www.destinationvietnam.com/stories-photos/1055/60789485/4/con0_rec;jsessionid=96D02A8A1D3653C5D0AD9165EDC708B6,http://www.destinationvietnam.com/stories-photos/1055/60789485/4/con0_rec;jsessionid=96D02A8A1D3653C5D0AD9165EDC708B6,"Mid-Autumn Children's Festival",null
http://www.chiculture.net/1302/html/1302festivals_b02b01.shtml,http://www.chiculture.net/1302/html/1302festivals_b02b01.shtml,"中秋食品",null
https://en.wikipedia.org/wiki/Special:BookSources/0521186595,https://en.wikipedia.org/wiki/Special:BookSources/0521186595,0521186595,Special:BookSources/0521186595
https://books.google.com/books?id=Ph2QpKioOCcC&pg=PA101,https://books.google.com/books?id=Ph2QpKioOCcC&pg=PA101,p. 101,null
https://books.google.com/books?id=o75duHSMRp8C&pg=PA121,https://books.google.com/books?id=o75duHSMRp8C&pg=PA121,p. 121,null
https://books.google.com/books?id=XzAQ2xulj8IC&pg=PA136,https://books.google.com/books?id=XzAQ2xulj8IC&pg=PA136,p. 136,null
https://en.wikipedia.org/wiki/Special:BookSources/0824812859,https://en.wikipedia.org/wiki/Special:BookSources/0824812859,0824812859,Special:BookSources/0824812859
http://www.shanghaidaily.com/Feature/travel/Xiamen-rolls-the-dice-parties-for-Moon-Festival/shdaily.shtml,http://www.shanghaidaily.com/Feature/travel/Xiamen-rolls-the-dice-parties-for-Moon-Festival/shdaily.shtml,"Xiamen rolls the dice, parties for Moon Festival",null
http://www.epd.gov.hk/epd/english/environmentinhk/waste/eco_responsibility/gts_packaging.html,http://www.epd.gov.hk/epd/english/environmentinhk/waste/eco_responsibility/gts_packaging.html,"Voluntary Agreement on Management of Mooncake Packaging",null
https://web.archive.org/web/20120623014205/http://www.familyculture.com/holidays/tettrungthu.htm,https://web.archive.org/web/20120623014205/http://www.familyculture.com/holidays/tettrungthu.htm,"Tet Trung Thu",null
http://www.familyculture.com/holidays/tettrungthu.htm,http://www.familyculture.com/holidays/tettrungthu.htm,the original,null
https://en.wikipedia.org/wiki/Special:BookSources/0306483211,https://en.wikipedia.org/wiki/Special:BookSources/0306483211,0306483211,Special:BookSources/0306483211
http://sg.entertainment.yahoo.com/news/traditional-bbq-mid-autumn-festival-132534304.html,http://sg.entertainment.yahoo.com/news/traditional-bbq-mid-autumn-festival-132534304.html,"Traditional BBQ for Mid-Autumn Festival?",null
http://www.taipeitimes.com/News/taiwan/archives/2016/09/12/2003654996,http://www.taipeitimes.com/News/taiwan/archives/2016/09/12/2003654996,"MID-AUTUMN FESTIVAL: Officials list legal barbecue sites for festival",null
https://en.wikipedia.org/wiki/Category:CS1_maint:_Uses_authors_parameter,https://en.wikipedia.org/wiki/Category:CS1_maint:_Uses_authors_parameter,CS1 maint: Uses authors parameter,Category:CS1 maint: Uses authors parameter
http://www.chinesetimeschool.com/en-us/articles/how-the-world-celebrates-mid-autumn-festival/,http://www.chinesetimeschool.com/en-us/articles/how-the-world-celebrates-mid-autumn-festival/,"How the world celebrates Mid-Autumn Festival - Chinese News - Page 1 - chinesetimeschool.com",null
http://www.bairun.net/bairun_cn/insight_xunwei10_cn.html,http://www.bairun.net/bairun_cn/insight_xunwei10_cn.html,共同的团圆 – 亚洲各国中秋节大观 (Mid Autumn Festival, Reunion in Asia),null
http://www.irhal.com/Cambodia/Phnom-Penh/Festivals/Mid-Autumn-Festival.html,http://www.irhal.com/Cambodia/Phnom-Penh/Festivals/Mid-Autumn-Festival.html,"Irhal – Islamic Halal Travel Guide for the Muslim Traveler",null
http://www.khmertimeskh.com/news/28938/mid-autumn-mooncakes/,http://www.khmertimeskh.com/news/28938/mid-autumn-mooncakes/,"Mid-Autumn Mooncakes",null
http://goasiadaytrip.com/blog/asian-mid-autumn-festival.html,http://goasiadaytrip.com/blog/asian-mid-autumn-festival.html,"Asian Mid Autumn Festival – Blog's GoAsiaDayTrip",null
http://event-carnival.com/laos/that-luang-festival,http://event-carnival.com/laos/that-luang-festival,"That Luang Festival – Event Carnival",null
http://www.mmtimes.com/index.php/lifestyle/17155-thadingyut-festival-of-lights.html,http://www.mmtimes.com/index.php/lifestyle/17155-thadingyut-festival-of-lights.html,"Thadingyut: Festival of Lights",null
http://discoverydmc.com/travel-guides/myanmar-festivals,http://discoverydmc.com/travel-guides/myanmar-festivals,"Myanmar Festivals 2016–2017",null
http://www.chinadaily.com.cn/culture/2016-09/13/content_26774538.htm,http://www.chinadaily.com.cn/culture/2016-09/13/content_26774538.htm,"How the world celebrates Mid-Autumn Festival[1]- Chinadaily.com.cn",null
http://www.womenofchina.cn/womenofchina/html1/culture/living/1509/2312-1.htm,http://www.womenofchina.cn/womenofchina/html1/culture/living/1509/2312-1.htm,"Mid-Autumn Festival Traditions – All China Women's Federation",null
http://www.officeholidays.com/countries/sri_lanka/full_moon.php,http://www.officeholidays.com/countries/sri_lanka/full_moon.php,"Poya – Sri Lanka – Office Holidays",null
http://aglobalworld.com/holidays-around-the-world/tag/september-calendar/,http://aglobalworld.com/holidays-around-the-world/tag/september-calendar/,"september calendar",null
http://www.news.lk/news/sri-lanka/item/3442-the-navam-pura-pasaloswaka-poya-day-falls-today,http://www.news.lk/news/sri-lanka/item/3442-the-navam-pura-pasaloswaka-poya-day-falls-today,"Today is Vap Full Moon Poya Day",null
http://www.hko.gov.hk/gts/time/conversion.htm,http://www.hko.gov.hk/gts/time/conversion.htm,"Gregorian-Lunar Calendar Conversion Table",null
https://en.wikipedia.org/w/index.php?title=Mid-Autumn_Festival&action=edit&section=30,https://en.wikipedia.org/w/index.php?title=Mid-Autumn_Festival&action=edit&section=30,edit,Edit section: External links
https://commons.wikimedia.org/wiki/Category:Mid-Autumn_Festival,https://commons.wikimedia.org/wiki/Category:Mid-Autumn_Festival,Wikimedia Commons,null
http://www.moonfestival.org,http://www.moonfestival.org,San Francisco Chinatown Autumn Moon Festival,null
https://www.youtube.com/watch?v=-X371xoBUdA,https://www.youtube.com/watch?v=-X371xoBUdA,Moon Viewing Festival at,null
https://en.wikipedia.org/wiki/Sumiyoshi_taisha,https://en.wikipedia.org/wiki/Sumiyoshi_taisha,Sumiyoshi taisha,Sumiyoshi taisha
https://en.wikipedia.org/wiki/YouTube,https://en.wikipedia.org/wiki/YouTube,YouTube,YouTube
https://www.youtube.com/watch?v=tFK3WPtj46c,https://www.youtube.com/watch?v=tFK3WPtj46c,Brief video about the history and traditions of Mid-Autumn Festival,null
https://en.wikipedia.org/wiki/Template:Public_holidays_in_China,https://en.wikipedia.org/wiki/Template:Public_holidays_in_China,v,Template:Public holidays in China
https://en.wikipedia.org/wiki/Template_talk:Public_holidays_in_China,https://en.wikipedia.org/wiki/Template_talk:Public_holidays_in_China,t,Template talk:Public holidays in China
https://en.wikipedia.org//en.wikipedia.org/w/index.php?title=Template:Public_holidays_in_China&action=edit,https://en.wikipedia.org//en.wikipedia.org/w/index.php?title=Template:Public_holidays_in_China&action=edit,e,null
https://en.wikipedia.org/wiki/Public_holidays_in_China,https://en.wikipedia.org/wiki/Public_holidays_in_China,Public holidays in China,Public holidays in China
https://en.wikipedia.org/wiki/Golden_Week_(China),https://en.wikipedia.org/wiki/Golden_Week_(China),Golden weeks,Golden Week (China)
https://en.wikipedia.org/wiki/Chinese_New_Year,https://en.wikipedia.org/wiki/Chinese_New_Year,Lunar New Year,Chinese New Year
https://en.wikipedia.org/wiki/National_Day_of_the_People%27s_Republic_of_China,https://en.wikipedia.org/wiki/National_Day_of_the_People%27s_Republic_of_China,PRC National Day,National Day of the People's Republic of China
https://en.wikipedia.org/wiki/New_Year%27s_Day,https://en.wikipedia.org/wiki/New_Year%27s_Day,New Year's Day,New Year's Day
https://en.wikipedia.org/wiki/Qingming_Festival,https://en.wikipedia.org/wiki/Qingming_Festival,Ching Ming Festival,Qingming Festival
https://en.wikipedia.org/wiki/International_Workers%27_Day,https://en.wikipedia.org/wiki/International_Workers%27_Day,Workers' Day,International Workers' Day
https://en.wikipedia.org/wiki/Duanwu_Festival,https://en.wikipedia.org/wiki/Duanwu_Festival,Tuen Ng Festival,Duanwu Festival
https://en.wikipedia.org/wiki/Template:Public_holidays_in_Hong_Kong,https://en.wikipedia.org/wiki/Template:Public_holidays_in_Hong_Kong,v,Template:Public holidays in Hong Kong
https://en.wikipedia.org/wiki/Template_talk:Public_holidays_in_Hong_Kong,https://en.wikipedia.org/wiki/Template_talk:Public_holidays_in_Hong_Kong,t,Template talk:Public holidays in Hong Kong
https://en.wikipedia.org//en.wikipedia.org/w/index.php?title=Template:Public_holidays_in_Hong_Kong&action=edit,https://en.wikipedia.org//en.wikipedia.org/w/index.php?title=Template:Public_holidays_in_Hong_Kong&action=edit,e,null
https://en.wikipedia.org/wiki/Public_holidays_in_Hong_Kong,https://en.wikipedia.org/wiki/Public_holidays_in_Hong_Kong,Public holidays in Hong Kong,Public holidays in Hong Kong
https://en.wikipedia.org/wiki/Good_Friday,https://en.wikipedia.org/wiki/Good_Friday,Good Friday,Good Friday
https://en.wikipedia.org/wiki/Holy_Saturday,https://en.wikipedia.org/wiki/Holy_Saturday,Holy Saturday,Holy Saturday
https://en.wikipedia.org/wiki/Easter_Monday,https://en.wikipedia.org/wiki/Easter_Monday,Easter Monday,Easter Monday
https://en.wikipedia.org/wiki/Buddha%27s_Birthday,https://en.wikipedia.org/wiki/Buddha%27s_Birthday,Buddha's Birthday,Buddha's Birthday
https://en.wikipedia.org/wiki/Labour_Day,https://en.wikipedia.org/wiki/Labour_Day,Labour Day,Labour Day
https://en.wikipedia.org/wiki/Hong_Kong_Special_Administrative_Region_Establishment_Day,https://en.wikipedia.org/wiki/Hong_Kong_Special_Administrative_Region_Establishment_Day,Hong Kong SAR Establishment Day,Hong Kong Special Administrative Region Establishment Day
https://en.wikipedia.org/wiki/Double_Ninth_Festival,https://en.wikipedia.org/wiki/Double_Ninth_Festival,Chung Yeung Festival,Double Ninth Festival
https://en.wikipedia.org/wiki/Christmas,https://en.wikipedia.org/wiki/Christmas,Christmas Day,Christmas
https://en.wikipedia.org/wiki/Boxing_Day,https://en.wikipedia.org/wiki/Boxing_Day,Boxing Day,Boxing Day
https://en.wikipedia.org/wiki/Queen%27s_Official_Birthday,https://en.wikipedia.org/wiki/Queen%27s_Official_Birthday,Queen's Birthday,Queen's Official Birthday
https://en.wikipedia.org/wiki/Liberation_Day_(Hong_Kong),https://en.wikipedia.org/wiki/Liberation_Day_(Hong_Kong),Liberation Day,Liberation Day (Hong Kong)
https://en.wikipedia.org/wiki/National_Day_of_the_Republic_of_China,https://en.wikipedia.org/wiki/National_Day_of_the_Republic_of_China,Double Ten Day,National Day of the Republic of China
https://en.wikipedia.org/wiki/Remembrance_Day,https://en.wikipedia.org/wiki/Remembrance_Day,Remembrance Day,Remembrance Day
https://en.wikipedia.org/wiki/Template:Taiwan_topics,https://en.wikipedia.org/wiki/Template:Taiwan_topics,v,Template:Taiwan topics
https://en.wikipedia.org/wiki/Template_talk:Taiwan_topics,https://en.wikipedia.org/wiki/Template_talk:Taiwan_topics,t,Template talk:Taiwan topics
https://en.wikipedia.org//en.wikipedia.org/w/index.php?title=Template:Taiwan_topics&action=edit,https://en.wikipedia.org//en.wikipedia.org/w/index.php?title=Template:Taiwan_topics&action=edit,e,null
https://en.wikipedia.org/wiki/Index_of_Taiwan-related_articles,https://en.wikipedia.org/wiki/Index_of_Taiwan-related_articles,articles,Index of Taiwan-related articles
https://en.wikipedia.org/wiki/History_of_Taiwan,https://en.wikipedia.org/wiki/History_of_Taiwan,History,History of Taiwan
https://en.wikipedia.org/wiki/Timeline_of_Taiwanese_history,https://en.wikipedia.org/wiki/Timeline_of_Taiwanese_history,Timeline of Taiwanese history,Timeline of Taiwanese history
https://en.wikipedia.org/wiki/Prehistory_of_Taiwan,https://en.wikipedia.org/wiki/Prehistory_of_Taiwan,Prehistory,Prehistory of Taiwan
https://en.wikipedia.org/wiki/List_of_archaeological_sites_in_Taiwan,https://en.wikipedia.org/wiki/List_of_archaeological_sites_in_Taiwan,archaeological sites,List of archaeological sites in Taiwan
https://en.wikipedia.org/wiki/Dutch_Formosa,https://en.wikipedia.org/wiki/Dutch_Formosa,Dutch Formosa,Dutch Formosa
https://en.wikipedia.org/wiki/Spanish_Formosa,https://en.wikipedia.org/wiki/Spanish_Formosa,Spanish Formosa,Spanish Formosa
https://en.wikipedia.org/wiki/Kingdom_of_Tungning,https://en.wikipedia.org/wiki/Kingdom_of_Tungning,Kingdom of Tungning,Kingdom of Tungning
https://en.wikipedia.org/wiki/Taiwan_under_Qing_rule,https://en.wikipedia.org/wiki/Taiwan_under_Qing_rule,Qing Empire,Taiwan under Qing rule
https://en.wikipedia.org/wiki/Republic_of_Formosa,https://en.wikipedia.org/wiki/Republic_of_Formosa,Republic of Formosa,Republic of Formosa
https://en.wikipedia.org/wiki/Taiwan_under_Japanese_rule,https://en.wikipedia.org/wiki/Taiwan_under_Japanese_rule,Empire of Japan,Taiwan under Japanese rule
https://en.wikipedia.org/wiki/History_of_Taiwan_since_1945,https://en.wikipedia.org/wiki/History_of_Taiwan_since_1945,Republic of China,History of Taiwan since 1945
https://en.wikipedia.org/wiki/Geography_of_Taiwan,https://en.wikipedia.org/wiki/Geography_of_Taiwan,Geography,Geography of Taiwan
https://en.wikipedia.org/wiki/List_of_cities_in_Taiwan,https://en.wikipedia.org/wiki/List_of_cities_in_Taiwan,Cities,List of cities in Taiwan
https://en.wikipedia.org/wiki/Geography_of_Taiwan#Climate,https://en.wikipedia.org/wiki/Geography_of_Taiwan#Climate,Climate,Geography of Taiwan
https://en.wikipedia.org/wiki/List_of_earthquakes_in_Taiwan,https://en.wikipedia.org/wiki/List_of_earthquakes_in_Taiwan,Earthquakes,List of earthquakes in Taiwan
https://en.wikipedia.org/wiki/List_of_endemic_species_of_Taiwan,https://en.wikipedia.org/wiki/List_of_endemic_species_of_Taiwan,Endemic species,List of endemic species of Taiwan
https://en.wikipedia.org/wiki/List_of_protected_species_in_Taiwan,https://en.wikipedia.org/wiki/List_of_protected_species_in_Taiwan,Protected species,List of protected species in Taiwan
https://en.wikipedia.org/wiki/Taiwanese_hot_springs,https://en.wikipedia.org/wiki/Taiwanese_hot_springs,Hot springs,Taiwanese hot springs
https://en.wikipedia.org/wiki/List_of_islands_of_Taiwan,https://en.wikipedia.org/wiki/List_of_islands_of_Taiwan,Islands,List of islands of Taiwan
https://en.wikipedia.org/wiki/List_of_lakes_in_Taiwan,https://en.wikipedia.org/wiki/List_of_lakes_in_Taiwan,Lakes,List of lakes in Taiwan
https://en.wikipedia.org/wiki/List_of_mountains_in_Taiwan,https://en.wikipedia.org/wiki/List_of_mountains_in_Taiwan,Mountains,List of mountains in Taiwan
https://en.wikipedia.org/wiki/National_parks_of_Taiwan,https://en.wikipedia.org/wiki/National_parks_of_Taiwan,National parks,National parks of Taiwan
https://en.wikipedia.org/wiki/List_of_rivers_of_Taiwan,https://en.wikipedia.org/wiki/List_of_rivers_of_Taiwan,Rivers,List of rivers of Taiwan
https://en.wikipedia.org/wiki/List_of_national_scenic_areas_in_Taiwan,https://en.wikipedia.org/wiki/List_of_national_scenic_areas_in_Taiwan,Scenic areas,List of national scenic areas in Taiwan
https://en.wikipedia.org/wiki/List_of_Taiwanese_superlatives,https://en.wikipedia.org/wiki/List_of_Taiwanese_superlatives,Superlatives,List of Taiwanese superlatives
https://en.wikipedia.org/wiki/List_of_volcanoes_in_Taiwan,https://en.wikipedia.org/wiki/List_of_volcanoes_in_Taiwan,Volcanoes,List of volcanoes in Taiwan
https://en.wikipedia.org/wiki/Government_of_the_Republic_of_China,https://en.wikipedia.org/wiki/Government_of_the_Republic_of_China,Government,Government of the Republic of China
https://en.wikipedia.org/wiki/Politics_of_the_Republic_of_China,https://en.wikipedia.org/wiki/Politics_of_the_Republic_of_China,politics,Politics of the Republic of China
https://en.wikipedia.org/wiki/Economy_of_Taiwan,https://en.wikipedia.org/wiki/Economy_of_Taiwan,Economy,Economy of Taiwan
https://en.wikipedia.org/wiki/Censorship_in_Taiwan,https://en.wikipedia.org/wiki/Censorship_in_Taiwan,Censorship,Censorship in Taiwan
https://en.wikipedia.org/wiki/Constitution_of_the_Republic_of_China,https://en.wikipedia.org/wiki/Constitution_of_the_Republic_of_China,Constitution,Constitution of the Republic of China
https://en.wikipedia.org/wiki/Elections_in_Taiwan,https://en.wikipedia.org/wiki/Elections_in_Taiwan,Elections,Elections in Taiwan
https://en.wikipedia.org/wiki/Human_rights_in_Taiwan,https://en.wikipedia.org/wiki/Human_rights_in_Taiwan,Human rights,Human rights in Taiwan
https://en.wikipedia.org/wiki/LGBT_rights_in_Taiwan,https://en.wikipedia.org/wiki/LGBT_rights_in_Taiwan,LGBT rights,LGBT rights in Taiwan
https://en.wikipedia.org/wiki/LGBT_history_in_Taiwan,https://en.wikipedia.org/wiki/LGBT_history_in_Taiwan,LGBT history,LGBT history in Taiwan
https://en.wikipedia.org/wiki/National_Security_Bureau_(Taiwan),https://en.wikipedia.org/wiki/National_Security_Bureau_(Taiwan),Intelligence,National Security Bureau (Taiwan)
https://en.wikipedia.org/wiki/Law_of_Taiwan,https://en.wikipedia.org/wiki/Law_of_Taiwan,Law,Law of Taiwan
https://en.wikipedia.org/wiki/National_Police_Agency_(Republic_of_China),https://en.wikipedia.org/wiki/National_Police_Agency_(Republic_of_China),enforcement,National Police Agency (Republic of China)
https://en.wikipedia.org/wiki/Nationality_law_of_Taiwan,https://en.wikipedia.org/wiki/Nationality_law_of_Taiwan,nationality,Nationality law of Taiwan
https://en.wikipedia.org/wiki/Legislative_Yuan,https://en.wikipedia.org/wiki/Legislative_Yuan,null,Legislative Yuan
https://en.wikipedia.org/wiki/Republic_of_China_Armed_Forces,https://en.wikipedia.org/wiki/Republic_of_China_Armed_Forces,Military,Republic of China Armed Forces
https://en.wikipedia.org/wiki/Conscription_in_Taiwan,https://en.wikipedia.org/wiki/Conscription_in_Taiwan,conscription,Conscription in Taiwan
https://en.wikipedia.org/wiki/President_of_the_Republic_of_China,https://en.wikipedia.org/wiki/President_of_the_Republic_of_China,President,President of the Republic of China
https://en.wikipedia.org/wiki/List_of_political_parties_in_Taiwan,https://en.wikipedia.org/wiki/List_of_political_parties_in_Taiwan,Political parties,List of political parties in Taiwan
https://en.wikipedia.org/wiki/Propaganda_in_the_Republic_of_China,https://en.wikipedia.org/wiki/Propaganda_in_the_Republic_of_China,Propaganda,Propaganda in the Republic of China
https://en.wikipedia.org/wiki/Administrative_divisions_of_Taiwan,https://en.wikipedia.org/wiki/Administrative_divisions_of_Taiwan,null,Administrative divisions of Taiwan
https://en.wikipedia.org/wiki/Special_municipality_(Taiwan),https://en.wikipedia.org/wiki/Special_municipality_(Taiwan),Special municipalities,Special municipality (Taiwan)
https://en.wikipedia.org/wiki/Kaohsiung,https://en.wikipedia.org/wiki/Kaohsiung,Kaohsiung,Kaohsiung
https://en.wikipedia.org/wiki/New_Taipei_City,https://en.wikipedia.org/wiki/New_Taipei_City,New Taipei,New Taipei City
https://en.wikipedia.org/wiki/Taichung,https://en.wikipedia.org/wiki/Taichung,Taichung,Taichung
https://en.wikipedia.org/wiki/Tainan,https://en.wikipedia.org/wiki/Tainan,Tainan,Tainan
https://en.wikipedia.org/wiki/Taipei,https://en.wikipedia.org/wiki/Taipei,Taipei,Taipei
https://en.wikipedia.org/wiki/Taoyuan,_Taiwan,https://en.wikipedia.org/wiki/Taoyuan,_Taiwan,Taoyuan,Taoyuan, Taiwan
https://en.wikipedia.org/wiki/Provincial_city_(Taiwan),https://en.wikipedia.org/wiki/Provincial_city_(Taiwan),Cities,Provincial city (Taiwan)
https://en.wikipedia.org/wiki/Chiayi,https://en.wikipedia.org/wiki/Chiayi,Chiayi,Chiayi
https://en.wikipedia.org/wiki/Hsinchu,https://en.wikipedia.org/wiki/Hsinchu,Hsinchu,Hsinchu
https://en.wikipedia.org/wiki/Keelung,https://en.wikipedia.org/wiki/Keelung,Keelung,Keelung
https://en.wikipedia.org/wiki/County_(Taiwan),https://en.wikipedia.org/wiki/County_(Taiwan),Counties,County (Taiwan)
https://en.wikipedia.org/wiki/Changhua_County,https://en.wikipedia.org/wiki/Changhua_County,Changhua,Changhua County
https://en.wikipedia.org/wiki/Chiayi_County,https://en.wikipedia.org/wiki/Chiayi_County,Chiayi,Chiayi County
https://en.wikipedia.org/wiki/Hsinchu_County,https://en.wikipedia.org/wiki/Hsinchu_County,Hsinchu,Hsinchu County
https://en.wikipedia.org/wiki/Hualien_County,https://en.wikipedia.org/wiki/Hualien_County,Hualien,Hualien County
https://en.wikipedia.org/wiki/Kinmen,https://en.wikipedia.org/wiki/Kinmen,Kinmen,Kinmen
https://en.wikipedia.org/wiki/Matsu_Islands,https://en.wikipedia.org/wiki/Matsu_Islands,Matsu,Matsu Islands
https://en.wikipedia.org/wiki/Miaoli_County,https://en.wikipedia.org/wiki/Miaoli_County,Miaoli,Miaoli County
https://en.wikipedia.org/wiki/Nantou_County,https://en.wikipedia.org/wiki/Nantou_County,Nantou,Nantou County
https://en.wikipedia.org/wiki/Pingtung_County,https://en.wikipedia.org/wiki/Pingtung_County,Pingtung,Pingtung County
https://en.wikipedia.org/wiki/Taitung_County,https://en.wikipedia.org/wiki/Taitung_County,Taitung,Taitung County
https://en.wikipedia.org/wiki/Yilan_County,_Taiwan,https://en.wikipedia.org/wiki/Yilan_County,_Taiwan,Yilan,Yilan County, Taiwan
https://en.wikipedia.org/wiki/Yunlin_County,https://en.wikipedia.org/wiki/Yunlin_County,Yunlin,Yunlin County
https://en.wikipedia.org/wiki/Foreign_relations_of_Taiwan,https://en.wikipedia.org/wiki/Foreign_relations_of_Taiwan,Foreign relations,Foreign relations of Taiwan
https://en.wikipedia.org/wiki/Cross-Strait_relations,https://en.wikipedia.org/wiki/Cross-Strait_relations,Cross-Strait relations,Cross-Strait relations
https://en.wikipedia.org/wiki/Political_status_of_Taiwan,https://en.wikipedia.org/wiki/Political_status_of_Taiwan,Political status of Taiwan,Political status of Taiwan
https://en.wikipedia.org/wiki/One_Country_on_Each_Side,https://en.wikipedia.org/wiki/One_Country_on_Each_Side,One Country on Each Side,One Country on Each Side
https://en.wikipedia.org/wiki/Special_non-state-to-state_relations,https://en.wikipedia.org/wiki/Special_non-state-to-state_relations,Special non-state-to-state relations,Special non-state-to-state relations
https://en.wikipedia.org/wiki/Two_Chinas,https://en.wikipedia.org/wiki/Two_Chinas,Two Chinas,Two Chinas
https://en.wikipedia.org/wiki/Chinese_Taipei,https://en.wikipedia.org/wiki/Chinese_Taipei,Chinese Taipei,Chinese Taipei
https://en.wikipedia.org/wiki/Taiwanization,https://en.wikipedia.org/wiki/Taiwanization,Taiwanization,Taiwanization
https://en.wikipedia.org/wiki/De-Sinicization,https://en.wikipedia.org/wiki/De-Sinicization,De-Sinicization,De-Sinicization
https://en.wikipedia.org/wiki/Taiwanese_nationalism,https://en.wikipedia.org/wiki/Taiwanese_nationalism,Taiwanese nationalism,Taiwanese nationalism
https://en.wikipedia.org/wiki/Chinese_nationalism,https://en.wikipedia.org/wiki/Chinese_nationalism,Chinese nationalism,Chinese nationalism
https://en.wikipedia.org/wiki/Taiwan_independence_movement,https://en.wikipedia.org/wiki/Taiwan_independence_movement,Taiwan independence,Taiwan independence movement
https://en.wikipedia.org/wiki/Chinese_unification,https://en.wikipedia.org/wiki/Chinese_unification,Chinese unification,Chinese unification
https://en.wikipedia.org/wiki/List_of_banks_in_Taiwan,https://en.wikipedia.org/wiki/List_of_banks_in_Taiwan,Banks,List of banks in Taiwan
https://en.wikipedia.org/wiki/Central_Bank_of_the_Republic_of_China_(Taiwan),https://en.wikipedia.org/wiki/Central_Bank_of_the_Republic_of_China_(Taiwan),Central bank,Central Bank of the Republic of China (Taiwan)
https://en.wikipedia.org/wiki/List_of_companies_of_Taiwan,https://en.wikipedia.org/wiki/List_of_companies_of_Taiwan,Companies,List of companies of Taiwan
https://en.wikipedia.org/wiki/New_Taiwan_dollar,https://en.wikipedia.org/wiki/New_Taiwan_dollar,null,New Taiwan dollar
https://en.wikipedia.org/wiki/Economic_history_of_Taiwan,https://en.wikipedia.org/wiki/Economic_history_of_Taiwan,Economic history,Economic history of Taiwan
https://en.wikipedia.org/wiki/Energy_in_Taiwan,https://en.wikipedia.org/wiki/Energy_in_Taiwan,Energy,Energy in Taiwan
https://en.wikipedia.org/wiki/Electricity_sector_in_Taiwan,https://en.wikipedia.org/wiki/Electricity_sector_in_Taiwan,Electricity,Electricity sector in Taiwan
https://en.wikipedia.org/wiki/Mining_in_Taiwan,https://en.wikipedia.org/wiki/Mining_in_Taiwan,Mining,Mining in Taiwan
https://en.wikipedia.org/wiki/List_of_metropolitan_areas_in_Taiwan,https://en.wikipedia.org/wiki/List_of_metropolitan_areas_in_Taiwan,Metropolitan areas,List of metropolitan areas in Taiwan
https://en.wikipedia.org/wiki/Taiwan_Stock_Exchange,https://en.wikipedia.org/wiki/Taiwan_Stock_Exchange,Stock exchange,Taiwan Stock Exchange
https://en.wikipedia.org/wiki/Taiwan_Miracle,https://en.wikipedia.org/wiki/Taiwan_Miracle,Taiwan Miracle,Taiwan Miracle
https://en.wikipedia.org/wiki/Telecommunications_in_Taiwan,https://en.wikipedia.org/wiki/Telecommunications_in_Taiwan,Telecommunications,Telecommunications in Taiwan
https://en.wikipedia.org/wiki/Transportation_in_Taiwan,https://en.wikipedia.org/wiki/Transportation_in_Taiwan,Transportation,Transportation in Taiwan
https://en.wikipedia.org/wiki/Taxation_in_Taiwan,https://en.wikipedia.org/wiki/Taxation_in_Taiwan,Taxation,Taxation in Taiwan
https://en.wikipedia.org/wiki/Uniform_Invoice_lottery,https://en.wikipedia.org/wiki/Uniform_Invoice_lottery,Uniform Invoice lottery,Uniform Invoice lottery
https://en.wikipedia.org/wiki/Culture_of_Taiwan,https://en.wikipedia.org/wiki/Culture_of_Taiwan,Culture,Culture of Taiwan
https://en.wikipedia.org/wiki/Demographics_of_Taiwan,https://en.wikipedia.org/wiki/Demographics_of_Taiwan,Demographics,Demographics of Taiwan
https://en.wikipedia.org/wiki/Taiwanese_people,https://en.wikipedia.org/wiki/Taiwanese_people,Taiwanese people,Taiwanese people
https://en.wikipedia.org/wiki/Taiwanese_aborigines,https://en.wikipedia.org/wiki/Taiwanese_aborigines,Taiwanese aborigines,Taiwanese aborigines
https://en.wikipedia.org/wiki/Han_Taiwanese,https://en.wikipedia.org/wiki/Han_Taiwanese,Hans,Han Taiwanese
https://en.wikipedia.org/wiki/Hoklo_Taiwanese,https://en.wikipedia.org/wiki/Hoklo_Taiwanese,Hoklos,Hoklo Taiwanese
https://en.wikipedia.org/wiki/Hakka_Taiwanese,https://en.wikipedia.org/wiki/Hakka_Taiwanese,Hakkas,Hakka Taiwanese
https://en.wikipedia.org/wiki/Languages_of_Taiwan,https://en.wikipedia.org/wiki/Languages_of_Taiwan,Languages,Languages of Taiwan
https://en.wikipedia.org/wiki/Varieties_of_Chinese,https://en.wikipedia.org/wiki/Varieties_of_Chinese,Chinese,Varieties of Chinese
https://en.wikipedia.org/wiki/Taiwanese_Mandarin,https://en.wikipedia.org/wiki/Taiwanese_Mandarin,Mandarin,Taiwanese Mandarin
https://en.wikipedia.org/wiki/Taiwanese_Hokkien,https://en.wikipedia.org/wiki/Taiwanese_Hokkien,Hokkien,Taiwanese Hokkien
https://en.wikipedia.org/wiki/Taiwanese_Hakka,https://en.wikipedia.org/wiki/Taiwanese_Hakka,Hakka,Taiwanese Hakka
https://en.wikipedia.org/wiki/Formosan_languages,https://en.wikipedia.org/wiki/Formosan_languages,Formosan languages,Formosan languages
https://en.wikipedia.org/wiki/Amis_language,https://en.wikipedia.org/wiki/Amis_language,Amis,Amis language
https://en.wikipedia.org/wiki/Atayal_language,https://en.wikipedia.org/wiki/Atayal_language,Atayal,Atayal language
https://en.wikipedia.org/wiki/Bunun_language,https://en.wikipedia.org/wiki/Bunun_language,Bunun,Bunun language
https://en.wikipedia.org/wiki/Paiwan_language,https://en.wikipedia.org/wiki/Paiwan_language,Paiwan,Paiwan language
https://en.wikipedia.org/wiki/Puyuma_language,https://en.wikipedia.org/wiki/Puyuma_language,Puyuma,Puyuma language
https://en.wikipedia.org/wiki/Rukai_language,https://en.wikipedia.org/wiki/Rukai_language,Rukai,Rukai language
https://en.wikipedia.org/wiki/Saisiyat_language,https://en.wikipedia.org/wiki/Saisiyat_language,Saisiyat,Saisiyat language
https://en.wikipedia.org/wiki/Seediq_language,https://en.wikipedia.org/wiki/Seediq_language,Seediq,Seediq language
https://en.wikipedia.org/wiki/Thao_language,https://en.wikipedia.org/wiki/Thao_language,Thao,Thao language
https://en.wikipedia.org/wiki/Tsou_language,https://en.wikipedia.org/wiki/Tsou_language,Tsou,Tsou language
https://en.wikipedia.org/wiki/Yami_language,https://en.wikipedia.org/wiki/Yami_language,Yami,Yami language
https://en.wikipedia.org/wiki/Taiwanese_Sign_Language,https://en.wikipedia.org/wiki/Taiwanese_Sign_Language,Sign Language,Taiwanese Sign Language
https://en.wikipedia.org/wiki/National_Anthem_of_the_Republic_of_China,https://en.wikipedia.org/wiki/National_Anthem_of_the_Republic_of_China,Anthem,National Anthem of the Republic of China
https://en.wikipedia.org/wiki/Architecture_of_Taiwan,https://en.wikipedia.org/wiki/Architecture_of_Taiwan,Architecture,Architecture of Taiwan
https://en.wikipedia.org/wiki/Education_in_Taiwan,https://en.wikipedia.org/wiki/Education_in_Taiwan,Education,Education in Taiwan
https://en.wikipedia.org/wiki/List_of_universities_in_Taiwan,https://en.wikipedia.org/wiki/List_of_universities_in_Taiwan,Universities,List of universities in Taiwan
https://en.wikipedia.org/wiki/Academia_Sinica,https://en.wikipedia.org/wiki/Academia_Sinica,Academia Sinica,Academia Sinica
https://en.wikipedia.org/wiki/Scholarships_in_Taiwan,https://en.wikipedia.org/wiki/Scholarships_in_Taiwan,Scholarships,Scholarships in Taiwan
https://en.wikipedia.org/wiki/History_of_education_in_Taiwan,https://en.wikipedia.org/wiki/History_of_education_in_Taiwan,History,History of education in Taiwan
https://en.wikipedia.org/wiki/Ministry_of_Science_and_Technology_(Taiwan),https://en.wikipedia.org/wiki/Ministry_of_Science_and_Technology_(Taiwan),Ministry of Science and Technology,Ministry of Science and Technology (Taiwan)
https://en.wikipedia.org/wiki/Flag_of_the_Republic_of_China,https://en.wikipedia.org/wiki/Flag_of_the_Republic_of_China,Flag,Flag of the Republic of China
https://en.wikipedia.org/wiki/National_Flag_Anthem_of_the_Republic_of_China,https://en.wikipedia.org/wiki/National_Flag_Anthem_of_the_Republic_of_China,Flag Anthem,National Flag Anthem of the Republic of China
https://en.wikipedia.org/wiki/Blue_Sky_with_a_White_Sun,https://en.wikipedia.org/wiki/Blue_Sky_with_a_White_Sun,Emblem,Blue Sky with a White Sun
https://en.wikipedia.org/wiki/Healthcare_in_Taiwan,https://en.wikipedia.org/wiki/Healthcare_in_Taiwan,Healthcare,Healthcare in Taiwan
https://en.wikipedia.org/wiki/List_of_Taiwanese_inventions_and_discoveries,https://en.wikipedia.org/wiki/List_of_Taiwanese_inventions_and_discoveries,Inventions and discoveries,List of Taiwanese inventions and discoveries
https://en.wikipedia.org/wiki/International_rankings_of_Taiwan,https://en.wikipedia.org/wiki/International_rankings_of_Taiwan,International rankings,International rankings of Taiwan
https://en.wikipedia.org/wiki/Public_holidays_in_Taiwan,https://en.wikipedia.org/wiki/Public_holidays_in_Taiwan,Public holidays,Public holidays in Taiwan
https://en.wikipedia.org/wiki/Women_in_Taiwan,https://en.wikipedia.org/wiki/Women_in_Taiwan,Women,Women in Taiwan
https://en.wikipedia.org/wiki/Taiwanese_animation,https://en.wikipedia.org/wiki/Taiwanese_animation,Animation,Taiwanese animation
https://en.wikipedia.org/wiki/List_of_Taiwanese_animations,https://en.wikipedia.org/wiki/List_of_Taiwanese_animations,media,List of Taiwanese animations
https://en.wikipedia.org/wiki/List_of_Taiwanese_animation_studios,https://en.wikipedia.org/wiki/List_of_Taiwanese_animation_studios,studios,List of Taiwanese animation studios
https://en.wikipedia.org/wiki/Cinema_of_Taiwan,https://en.wikipedia.org/wiki/Cinema_of_Taiwan,Cinema,Cinema of Taiwan
https://en.wikipedia.org/wiki/Taiwanese_cuisine,https://en.wikipedia.org/wiki/Taiwanese_cuisine,Cuisine,Taiwanese cuisine
https://en.wikipedia.org/wiki/Cultural_history_of_Taiwan,https://en.wikipedia.org/wiki/Cultural_history_of_Taiwan,Cultural history,Cultural history of Taiwan
https://en.wikipedia.org/wiki/Gambling_in_Taiwan,https://en.wikipedia.org/wiki/Gambling_in_Taiwan,Gambling,Gambling in Taiwan
https://en.wikipedia.org/wiki/Glove_puppetry,https://en.wikipedia.org/wiki/Glove_puppetry,Glove puppetry,Glove puppetry
https://en.wikipedia.org/wiki/Taiwanese_literature,https://en.wikipedia.org/wiki/Taiwanese_literature,Literature,Taiwanese literature
https://en.wikipedia.org/wiki/Media_of_Taiwan,https://en.wikipedia.org/wiki/Media_of_Taiwan,Media,Media of Taiwan
https://en.wikipedia.org/wiki/National_Communications_Commission,https://en.wikipedia.org/wiki/National_Communications_Commission,NCC,National Communications Commission
https://en.wikipedia.org/wiki/Television_in_Taiwan,https://en.wikipedia.org/wiki/Television_in_Taiwan,television,Television in Taiwan
https://en.wikipedia.org/wiki/Public_Television_Service,https://en.wikipedia.org/wiki/Public_Television_Service,Public Television Service,Public Television Service
https://en.wikipedia.org/wiki/Music_of_Taiwan,https://en.wikipedia.org/wiki/Music_of_Taiwan,Music,Music of Taiwan
https://en.wikipedia.org/wiki/Taiwanese_opera,https://en.wikipedia.org/wiki/Taiwanese_opera,Taiwanese opera,Taiwanese opera
https://en.wikipedia.org/wiki/Night_markets_in_Taiwan,https://en.wikipedia.org/wiki/Night_markets_in_Taiwan,Night markets,Night markets in Taiwan
https://en.wikipedia.org/wiki/Photography_in_Taiwan,https://en.wikipedia.org/wiki/Photography_in_Taiwan,Photography,Photography in Taiwan
https://en.wikipedia.org/wiki/Religion_in_Taiwan,https://en.wikipedia.org/wiki/Religion_in_Taiwan,Religion,Religion in Taiwan
https://en.wikipedia.org/wiki/Smoking_in_Taiwan,https://en.wikipedia.org/wiki/Smoking_in_Taiwan,Smoking,Smoking in Taiwan
https://en.wikipedia.org/wiki/Sports_in_Taiwan,https://en.wikipedia.org/wiki/Sports_in_Taiwan,Sports,Sports in Taiwan
https://en.wikipedia.org/wiki/Taiwanese_tea_culture,https://en.wikipedia.org/wiki/Taiwanese_tea_culture,Tea,Taiwanese tea culture
https://en.wikipedia.org/wiki/List_of_tourist_attractions_in_Taiwan,https://en.wikipedia.org/wiki/List_of_tourist_attractions_in_Taiwan,Tourist attractions,List of tourist attractions in Taiwan
https://en.wikipedia.org/wiki/Category:Taiwan,https://en.wikipedia.org/wiki/Category:Taiwan,Category,Category:Taiwan
https://en.wikipedia.org/wiki/Portal:Taiwan,https://en.wikipedia.org/wiki/Portal:Taiwan,Portal,Portal:Taiwan
https://en.wikipedia.org/wiki/Template:Vietnam_topics,https://en.wikipedia.org/wiki/Template:Vietnam_topics,v,Template:Vietnam topics
https://en.wikipedia.org/wiki/Template_talk:Vietnam_topics,https://en.wikipedia.org/wiki/Template_talk:Vietnam_topics,t,Template talk:Vietnam topics
https://en.wikipedia.org//en.wikipedia.org/w/index.php?title=Template:Vietnam_topics&action=edit,https://en.wikipedia.org//en.wikipedia.org/w/index.php?title=Template:Vietnam_topics&action=edit,e,null
https://en.wikipedia.org/wiki/Index_of_Vietnam-related_articles,https://en.wikipedia.org/wiki/Index_of_Vietnam-related_articles,Index,Index of Vietnam-related articles
https://en.wikipedia.org/wiki/History_of_Vietnam,https://en.wikipedia.org/wiki/History_of_Vietnam,History,History of Vietnam
https://en.wikipedia.org/wiki/Timeline_of_Vietnamese_history,https://en.wikipedia.org/wiki/Timeline_of_Vietnamese_history,Timeline,Timeline of Vietnamese history
https://en.wikipedia.org/wiki/Early_dynastic_epoch_(Vietnam),https://en.wikipedia.org/wiki/Early_dynastic_epoch_(Vietnam),Early dynastic epoch,Early dynastic epoch (Vietnam)
https://en.wikipedia.org/wiki/Chinese_domination_of_Vietnam,https://en.wikipedia.org/wiki/Chinese_domination_of_Vietnam,Chinese millennium,Chinese domination of Vietnam
https://en.wikipedia.org/wiki/Late_dynastic_epoch_(Vietnam),https://en.wikipedia.org/wiki/Late_dynastic_epoch_(Vietnam),Late dynastic epoch,Late dynastic epoch (Vietnam)
https://en.wikipedia.org/wiki/History_of_Vietnam_since_1945,https://en.wikipedia.org/wiki/History_of_Vietnam_since_1945,Republican period,History of Vietnam since 1945
https://en.wikipedia.org/wiki/North_Vietnam,https://en.wikipedia.org/wiki/North_Vietnam,North Vietnam,North Vietnam
https://en.wikipedia.org/wiki/South_Vietnam,https://en.wikipedia.org/wiki/South_Vietnam,South Vietnam,South Vietnam
https://en.wikipedia.org/wiki/Geography_of_Vietnam,https://en.wikipedia.org/wiki/Geography_of_Vietnam,Geography,Geography of Vietnam
https://en.wikipedia.org/wiki/List_of_ecoregions_in_Vietnam,https://en.wikipedia.org/wiki/List_of_ecoregions_in_Vietnam,Ecoregions,List of ecoregions in Vietnam
https://en.wikipedia.org/wiki/Northern_Vietnam,https://en.wikipedia.org/wiki/Northern_Vietnam,Northern Vietnam,Northern Vietnam
https://en.wikipedia.org/wiki/Central_Vietnam,https://en.wikipedia.org/wiki/Central_Vietnam,Central Vietnam,Central Vietnam
https://en.wikipedia.org/wiki/Southern_Vietnam,https://en.wikipedia.org/wiki/Southern_Vietnam,Southern Vietnam,Southern Vietnam
https://en.wikipedia.org/wiki/North_Central_Coast,https://en.wikipedia.org/wiki/North_Central_Coast,null,North Central Coast
https://en.wikipedia.org/wiki/Northeast_(Vietnam),https://en.wikipedia.org/wiki/Northeast_(Vietnam),null,Northeast (Vietnam)
https://en.wikipedia.org/wiki/Southeast_(Vietnam),https://en.wikipedia.org/wiki/Southeast_(Vietnam),null,Southeast (Vietnam)
https://en.wikipedia.org/wiki/Mekong_Delta,https://en.wikipedia.org/wiki/Mekong_Delta,Mekong Delta,Mekong Delta
https://en.wikipedia.org/wiki/South_Central_Coast,https://en.wikipedia.org/wiki/South_Central_Coast,null,South Central Coast
https://en.wikipedia.org/wiki/Provinces_of_Vietnam,https://en.wikipedia.org/wiki/Provinces_of_Vietnam,Provinces,Provinces of Vietnam
https://en.wikipedia.org/wiki/Red_River_Delta,https://en.wikipedia.org/wiki/Red_River_Delta,Red River Delta,Red River Delta
https://en.wikipedia.org/wiki/Northwest_(Vietnam),https://en.wikipedia.org/wiki/Northwest_(Vietnam),null,Northwest (Vietnam)
https://en.wikipedia.org/wiki/Central_Highlands,_Vietnam,https://en.wikipedia.org/wiki/Central_Highlands,_Vietnam,null,Central Highlands, Vietnam
https://en.wikipedia.org/wiki/Politics_of_Vietnam,https://en.wikipedia.org/wiki/Politics_of_Vietnam,Politics,Politics of Vietnam
https://en.wikipedia.org/wiki/Constitution_of_the_Socialist_Republic_of_Vietnam,https://en.wikipedia.org/wiki/Constitution_of_the_Socialist_Republic_of_Vietnam,Constitution,Constitution of the Socialist Republic of Vietnam
https://en.wikipedia.org/wiki/Foreign_relations_of_Vietnam,https://en.wikipedia.org/wiki/Foreign_relations_of_Vietnam,Foreign relations,Foreign relations of Vietnam
https://en.wikipedia.org/wiki/Human_rights_in_Vietnam,https://en.wikipedia.org/wiki/Human_rights_in_Vietnam,Human rights,Human rights in Vietnam
https://en.wikipedia.org/wiki/LGBT_rights_in_Vietnam,https://en.wikipedia.org/wiki/LGBT_rights_in_Vietnam,LGBT,LGBT rights in Vietnam
https://en.wikipedia.org/wiki/Communist_Party_of_Vietnam,https://en.wikipedia.org/wiki/Communist_Party_of_Vietnam,Communist Party,Communist Party of Vietnam
https://en.wikipedia.org/wiki/List_of_central_officeholders_in_the_Communist_Party_of_Vietnam,https://en.wikipedia.org/wiki/List_of_central_officeholders_in_the_Communist_Party_of_Vietnam,History of central officeholders,List of central officeholders in the Communist Party of Vietnam
https://en.wikipedia.org/wiki/National_Congress_of_the_Communist_Party_of_Vietnam,https://en.wikipedia.org/wiki/National_Congress_of_the_Communist_Party_of_Vietnam,National Congress,National Congress of the Communist Party of Vietnam
https://en.wikipedia.org/wiki/General_Secretary_of_the_Communist_Party_of_Vietnam,https://en.wikipedia.org/wiki/General_Secretary_of_the_Communist_Party_of_Vietnam,General Secretary,General Secretary of the Communist Party of Vietnam
https://en.wikipedia.org/wiki/Central_Committee_of_the_Communist_Party_of_Vietnam,https://en.wikipedia.org/wiki/Central_Committee_of_the_Communist_Party_of_Vietnam,Central Committee,Central Committee of the Communist Party of Vietnam
https://en.wikipedia.org/wiki/Politburo_of_the_Communist_Party_of_Vietnam,https://en.wikipedia.org/wiki/Politburo_of_the_Communist_Party_of_Vietnam,Politburo,Politburo of the Communist Party of Vietnam
https://en.wikipedia.org/wiki/Secretariat_of_the_Communist_Party_of_Vietnam,https://en.wikipedia.org/wiki/Secretariat_of_the_Communist_Party_of_Vietnam,Secretariat,Secretariat of the Communist Party of Vietnam
https://en.wikipedia.org/wiki/President_of_Vietnam,https://en.wikipedia.org/wiki/President_of_Vietnam,President,President of Vietnam
https://en.wikipedia.org/wiki/Government_of_Vietnam,https://en.wikipedia.org/wiki/Government_of_Vietnam,Government,Government of Vietnam
https://en.wikipedia.org/wiki/Prime_Minister_of_Vietnam,https://en.wikipedia.org/wiki/Prime_Minister_of_Vietnam,Prime Minister,Prime Minister of Vietnam
https://en.wikipedia.org/wiki/Deputy_Prime_Minister_of_Vietnam,https://en.wikipedia.org/wiki/Deputy_Prime_Minister_of_Vietnam,Deputy Prime Ministers,Deputy Prime Minister of Vietnam
https://en.wikipedia.org/wiki/Minister_(government),https://en.wikipedia.org/wiki/Minister_(government),Ministers,Minister (government)
https://en.wikipedia.org/wiki/National_Assembly_(Vietnam),https://en.wikipedia.org/wiki/National_Assembly_(Vietnam),National Assembly,National Assembly (Vietnam)
https://en.wikipedia.org/wiki/Chairman_of_the_National_Assembly_of_Vietnam,https://en.wikipedia.org/wiki/Chairman_of_the_National_Assembly_of_Vietnam,Chairmen,Chairman of the National Assembly of Vietnam
https://en.wikipedia.org/wiki/Standing_Committee_of_the_National_Assembly,https://en.wikipedia.org/wiki/Standing_Committee_of_the_National_Assembly,Standing Committee,Standing Committee of the National Assembly
https://en.wikipedia.org/wiki/Elections_in_Vietnam,https://en.wikipedia.org/wiki/Elections_in_Vietnam,Elections,Elections in Vietnam
https://en.wikipedia.org/wiki/Judicial_system_of_Vietnam,https://en.wikipedia.org/wiki/Judicial_system_of_Vietnam,Judiciary,Judicial system of Vietnam
https://en.wikipedia.org/wiki/Supreme_People%27s_Court_of_Vietnam,https://en.wikipedia.org/wiki/Supreme_People%27s_Court_of_Vietnam,Supreme People's Court,Supreme People's Court of Vietnam
https://en.wikipedia.org/wiki/Provincial_Municipal_Courts_of_Vietnam,https://en.wikipedia.org/wiki/Provincial_Municipal_Courts_of_Vietnam,Provincial Municipal Courts,Provincial Municipal Courts of Vietnam
https://en.wikipedia.org/wiki/Local_Courts_of_Vietnam,https://en.wikipedia.org/wiki/Local_Courts_of_Vietnam,Local Courts,Local Courts of Vietnam
https://en.wikipedia.org/wiki/Military_Courts_of_Vietnam,https://en.wikipedia.org/wiki/Military_Courts_of_Vietnam,Military Courts,Military Courts of Vietnam
https://en.wikipedia.org/wiki/People%27s_Army_of_Vietnam,https://en.wikipedia.org/wiki/People%27s_Army_of_Vietnam,Military,People's Army of Vietnam
https://en.wikipedia.org/wiki/Central_Military_Commission_of_the_Communist_Party_of_Vietnam,https://en.wikipedia.org/wiki/Central_Military_Commission_of_the_Communist_Party_of_Vietnam,Central Military Commission,Central Military Commission of the Communist Party of Vietnam
https://en.wikipedia.org/wiki/People%27s_Army_of_Vietnam#Main_force,https://en.wikipedia.org/wiki/People%27s_Army_of_Vietnam#Main_force,Ground Force,People's Army of Vietnam
https://en.wikipedia.org/wiki/Vietnam_People%27s_Navy,https://en.wikipedia.org/wiki/Vietnam_People%27s_Navy,Navy,Vietnam People's Navy
https://en.wikipedia.org/wiki/Vietnam_People%27s_Air_Force,https://en.wikipedia.org/wiki/Vietnam_People%27s_Air_Force,Air Force,Vietnam People's Air Force
https://en.wikipedia.org/wiki/Vietnam_Coast_Guard,https://en.wikipedia.org/wiki/Vietnam_Coast_Guard,Coast Guard,Vietnam Coast Guard
https://en.wikipedia.org/wiki/Vietnam_Border_Defence_Force,https://en.wikipedia.org/wiki/Vietnam_Border_Defence_Force,Border Guard,Vietnam Border Defence Force
https://en.wikipedia.org/wiki/Vietnam_People%27s_Public_Security,https://en.wikipedia.org/wiki/Vietnam_People%27s_Public_Security,null,Vietnam People's Public Security
https://en.wikipedia.org/wiki/Economy_of_Vietnam,https://en.wikipedia.org/wiki/Economy_of_Vietnam,Economy,Economy of Vietnam
https://en.wikipedia.org/wiki/%C4%90%E1%BB%95i_M%E1%BB%9Bi,https://en.wikipedia.org/wiki/%C4%90%E1%BB%95i_M%E1%BB%9Bi,null,Đổi Mới
https://en.wikipedia.org/wiki/Vietnamese_%C4%91%E1%BB%93ng,https://en.wikipedia.org/wiki/Vietnamese_%C4%91%E1%BB%93ng,null,Vietnamese đồng
https://en.wikipedia.org/wiki/Energy_in_Vietnam,https://en.wikipedia.org/wiki/Energy_in_Vietnam,Energy,Energy in Vietnam
https://en.wikipedia.org/wiki/Five-Year_Plans_of_Vietnam,https://en.wikipedia.org/wiki/Five-Year_Plans_of_Vietnam,Five-Year Plans,Five-Year Plans of Vietnam
https://en.wikipedia.org/wiki/International_rankings_of_Vietnam,https://en.wikipedia.org/wiki/International_rankings_of_Vietnam,International rankings,International rankings of Vietnam
https://en.wikipedia.org/wiki/Manufacturing_in_Vietnam,https://en.wikipedia.org/wiki/Manufacturing_in_Vietnam,Manufacturing,Manufacturing in Vietnam
https://en.wikipedia.org/wiki/Telecommunications_in_Vietnam,https://en.wikipedia.org/wiki/Telecommunications_in_Vietnam,Telecommunications,Telecommunications in Vietnam
https://en.wikipedia.org/wiki/Tourism_in_Vietnam,https://en.wikipedia.org/wiki/Tourism_in_Vietnam,Tourism,Tourism in Vietnam
https://en.wikipedia.org/wiki/Transport_in_Vietnam,https://en.wikipedia.org/wiki/Transport_in_Vietnam,Transport,Transport in Vietnam
https://en.wikipedia.org/wiki/Air_transport_in_Vietnam,https://en.wikipedia.org/wiki/Air_transport_in_Vietnam,Air,Air transport in Vietnam
https://en.wikipedia.org/wiki/List_of_airlines_of_Vietnam,https://en.wikipedia.org/wiki/List_of_airlines_of_Vietnam,airlines,List of airlines of Vietnam
https://en.wikipedia.org/wiki/Jetstar_Pacific,https://en.wikipedia.org/wiki/Jetstar_Pacific,Jetstar Pacific,Jetstar Pacific
https://en.wikipedia.org/wiki/VietJet_Air,https://en.wikipedia.org/wiki/VietJet_Air,VietJet Air,VietJet Air
https://en.wikipedia.org/wiki/Vietnam_Airlines,https://en.wikipedia.org/wiki/Vietnam_Airlines,Vietnam Airlines,Vietnam Airlines
https://en.wikipedia.org/wiki/List_of_airports_in_Vietnam,https://en.wikipedia.org/wiki/List_of_airports_in_Vietnam,airports,List of airports in Vietnam
https://en.wikipedia.org/wiki/Cam_Ranh_International_Airport,https://en.wikipedia.org/wiki/Cam_Ranh_International_Airport,Cam Ranh,Cam Ranh International Airport
https://en.wikipedia.org/wiki/Da_Nang_International_Airport,https://en.wikipedia.org/wiki/Da_Nang_International_Airport,Da Nang,Da Nang International Airport
https://en.wikipedia.org/wiki/Noi_Bai_International_Airport,https://en.wikipedia.org/wiki/Noi_Bai_International_Airport,Noi Bai,Noi Bai International Airport
https://en.wikipedia.org/wiki/Tan_Son_Nhat_International_Airport,https://en.wikipedia.org/wiki/Tan_Son_Nhat_International_Airport,Tan Son Nhat,Tan Son Nhat International Airport
https://en.wikipedia.org/wiki/Vietnam_Railways,https://en.wikipedia.org/wiki/Vietnam_Railways,Rail,Vietnam Railways
https://en.wikipedia.org/wiki/Category:Vietnamese_society,https://en.wikipedia.org/wiki/Category:Vietnamese_society,Society,Category:Vietnamese society
https://en.wikipedia.org/wiki/Demographics_of_Vietnam,https://en.wikipedia.org/wiki/Demographics_of_Vietnam,Demographics,Demographics of Vietnam
https://en.wikipedia.org/wiki/Overseas_Vietnamese,https://en.wikipedia.org/wiki/Overseas_Vietnamese,diaspora,Overseas Vietnamese
https://en.wikipedia.org/wiki/Education_in_Vietnam,https://en.wikipedia.org/wiki/Education_in_Vietnam,Education,Education in Vietnam
https://en.wikipedia.org/wiki/List_of_ethnic_groups_in_Vietnam,https://en.wikipedia.org/wiki/List_of_ethnic_groups_in_Vietnam,Ethnic groups,List of ethnic groups in Vietnam
https://en.wikipedia.org/wiki/Public_holidays_in_Vietnam,https://en.wikipedia.org/wiki/Public_holidays_in_Vietnam,Public holidays,Public holidays in Vietnam
https://en.wikipedia.org/wiki/Time_in_Vietnam,https://en.wikipedia.org/wiki/Time_in_Vietnam,Time,Time in Vietnam
https://en.wikipedia.org/wiki/Women_in_Vietnam,https://en.wikipedia.org/wiki/Women_in_Vietnam,Women,Women in Vietnam
https://en.wikipedia.org/wiki/Culture_of_Vietnam,https://en.wikipedia.org/wiki/Culture_of_Vietnam,Culture,Culture of Vietnam
https://en.wikipedia.org/wiki/Vietnamese_art,https://en.wikipedia.org/wiki/Vietnamese_art,Art,Vietnamese art
https://en.wikipedia.org/wiki/Emblem_of_Vietnam,https://en.wikipedia.org/wiki/Emblem_of_Vietnam,Emblem,Emblem of Vietnam
https://en.wikipedia.org/wiki/Traditional_Vietnamese_dance,https://en.wikipedia.org/wiki/Traditional_Vietnamese_dance,Dance,Traditional Vietnamese dance
https://en.wikipedia.org/wiki/Cinema_of_Vietnam,https://en.wikipedia.org/wiki/Cinema_of_Vietnam,Cinema,Cinema of Vietnam
https://en.wikipedia.org/wiki/Vietnamese_cuisine,https://en.wikipedia.org/wiki/Vietnamese_cuisine,Cuisine,Vietnamese cuisine
https://en.wikipedia.org/wiki/Flag_of_Vietnam,https://en.wikipedia.org/wiki/Flag_of_Vietnam,Flag,Flag of Vietnam
https://en.wikipedia.org/wiki/Vietnamese_literature,https://en.wikipedia.org/wiki/Vietnamese_literature,Literature,Vietnamese literature
https://en.wikipedia.org/wiki/History_of_Vietnamese_martial_arts,https://en.wikipedia.org/wiki/History_of_Vietnamese_martial_arts,Martial arts,History of Vietnamese martial arts
https://en.wikipedia.org/wiki/Media_of_Vietnam,https://en.wikipedia.org/wiki/Media_of_Vietnam,Media,Media of Vietnam
https://en.wikipedia.org/wiki/Music_of_Vietnam,https://en.wikipedia.org/wiki/Music_of_Vietnam,Music,Music of Vietnam
https://en.wikipedia.org/wiki/Religion_in_Vietnam,https://en.wikipedia.org/wiki/Religion_in_Vietnam,Religion,Religion in Vietnam
https://en.wikipedia.org/wiki/Theatre_of_Vietnam,https://en.wikipedia.org/wiki/Theatre_of_Vietnam,Theater,Theatre of Vietnam
https://en.wikipedia.org/wiki/Vietnamese_studies,https://en.wikipedia.org/wiki/Vietnamese_studies,Vietnamese studies,Vietnamese studies
https://en.wikipedia.org/wiki/Outline_of_Vietnam,https://en.wikipedia.org/wiki/Outline_of_Vietnam,Outline,Outline of Vietnam
https://en.wikipedia.org/wiki/Book:Vietnam,https://en.wikipedia.org/wiki/Book:Vietnam,Book,Book:Vietnam
https://en.wikipedia.org/wiki/Category:Vietnam,https://en.wikipedia.org/wiki/Category:Vietnam,Category,Category:Vietnam
https://en.wikipedia.org/wiki/Portal:Vietnam,https://en.wikipedia.org/wiki/Portal:Vietnam,Portal,Portal:Vietnam
https://en.wikipedia.org/wiki/File:Asia_(orthographic_projection).svg,https://en.wikipedia.org/wiki/File:Asia_(orthographic_projection).svg,null,null
https://en.wikipedia.org/wiki/Portal:Asia,https://en.wikipedia.org/wiki/Portal:Asia,Asia portal,Portal:Asia
https://en.wikipedia.org/wiki/File:Calendar_icon.svg,https://en.wikipedia.org/wiki/File:Calendar_icon.svg,null,null
https://en.wikipedia.org/wiki/Portal:Holidays,https://en.wikipedia.org/wiki/Portal:Holidays,Holidays portal,Portal:Holidays
https://en.wikipedia.org/w/index.php?title=Mid-Autumn_Festival&oldid=815298800,https://en.wikipedia.org/w/index.php?title=Mid-Autumn_Festival&oldid=815298800,https://en.wikipedia.org/w/index.php?title=Mid-Autumn_Festival&oldid=815298800,null
https://en.wikipedia.org/wiki/Help:Category,https://en.wikipedia.org/wiki/Help:Category,Categories,Help:Category
https://en.wikipedia.org/wiki/Category:Buddhist_festivals,https://en.wikipedia.org/wiki/Category:Buddhist_festivals,Buddhist festivals,Category:Buddhist festivals
https://en.wikipedia.org/wiki/Category:Buddhist_holidays,https://en.wikipedia.org/wiki/Category:Buddhist_holidays,Buddhist holidays,Category:Buddhist holidays
https://en.wikipedia.org/wiki/Category:Harvest_festivals,https://en.wikipedia.org/wiki/Category:Harvest_festivals,Harvest festivals,Category:Harvest festivals
https://en.wikipedia.org/wiki/Category:Lunar_observation,https://en.wikipedia.org/wiki/Category:Lunar_observation,Lunar observation,Category:Lunar observation
https://en.wikipedia.org/wiki/Category:Folk_festivals_in_China,https://en.wikipedia.org/wiki/Category:Folk_festivals_in_China,Folk festivals in China,Category:Folk festivals in China
https://en.wikipedia.org/wiki/Category:Festivals_in_Vietnam,https://en.wikipedia.org/wiki/Category:Festivals_in_Vietnam,Festivals in Vietnam,Category:Festivals in Vietnam
https://en.wikipedia.org/wiki/Category:Public_holidays_in_China,https://en.wikipedia.org/wiki/Category:Public_holidays_in_China,Public holidays in China,Category:Public holidays in China
https://en.wikipedia.org/wiki/Category:Public_holidays_in_Vietnam,https://en.wikipedia.org/wiki/Category:Public_holidays_in_Vietnam,Public holidays in Vietnam,Category:Public holidays in Vietnam
https://en.wikipedia.org/wiki/Category:Chinese_folk_religion,https://en.wikipedia.org/wiki/Category:Chinese_folk_religion,Chinese folk religion,Category:Chinese folk religion
https://en.wikipedia.org/wiki/Category:Vietnamese_culture,https://en.wikipedia.org/wiki/Category:Vietnamese_culture,Vietnamese culture,Category:Vietnamese culture
https://en.wikipedia.org/wiki/Category:Non-Gregorian_September_observances,https://en.wikipedia.org/wiki/Category:Non-Gregorian_September_observances,Non-Gregorian September observances,Category:Non-Gregorian September observances
https://en.wikipedia.org/wiki/Category:Non-Gregorian_October_observances,https://en.wikipedia.org/wiki/Category:Non-Gregorian_October_observances,Non-Gregorian October observances,Category:Non-Gregorian October observances
https://en.wikipedia.org/wiki/Category:Observances_set_by_the_Chinese_calendar,https://en.wikipedia.org/wiki/Category:Observances_set_by_the_Chinese_calendar,Observances set by the Chinese calendar,Category:Observances set by the Chinese calendar
https://en.wikipedia.org/wiki/Category:Religious_festivals_in_China,https://en.wikipedia.org/wiki/Category:Religious_festivals_in_China,Religious festivals in China,Category:Religious festivals in China
https://en.wikipedia.org/wiki/Category:Articles_containing_Chinese-language_text,https://en.wikipedia.org/wiki/Category:Articles_containing_Chinese-language_text,Articles containing Chinese-language text,Category:Articles containing Chinese-language text
https://en.wikipedia.org/wiki/Category:Infobox_holiday_(other),https://en.wikipedia.org/wiki/Category:Infobox_holiday_(other),Infobox holiday (other),Category:Infobox holiday (other)
https://en.wikipedia.org/wiki/Category:Articles_containing_Vietnamese-language_text,https://en.wikipedia.org/wiki/Category:Articles_containing_Vietnamese-language_text,Articles containing Vietnamese-language text,Category:Articles containing Vietnamese-language text
https://en.wikipedia.org/wiki/Category:Articles_containing_simplified_Chinese-language_text,https://en.wikipedia.org/wiki/Category:Articles_containing_simplified_Chinese-language_text,Articles containing simplified Chinese-language text,Category:Articles containing simplified Chinese-language text
https://en.wikipedia.org/wiki/Category:Articles_containing_traditional_Chinese-language_text,https://en.wikipedia.org/wiki/Category:Articles_containing_traditional_Chinese-language_text,Articles containing traditional Chinese-language text,Category:Articles containing traditional Chinese-language text
https://en.wikipedia.org/wiki/Category:All_articles_with_unsourced_statements,https://en.wikipedia.org/wiki/Category:All_articles_with_unsourced_statements,All articles with unsourced statements,Category:All articles with unsourced statements
https://en.wikipedia.org/wiki/Category:Articles_with_unsourced_statements_from_December_2012,https://en.wikipedia.org/wiki/Category:Articles_with_unsourced_statements_from_December_2012,Articles with unsourced statements from December 2012,Category:Articles with unsourced statements from December 2012
https://en.wikipedia.org/wiki/Category:Articles_with_unsourced_statements_from_November_2012,https://en.wikipedia.org/wiki/Category:Articles_with_unsourced_statements_from_November_2012,Articles with unsourced statements from November 2012,Category:Articles with unsourced statements from November 2012
https://en.wikipedia.org/wiki/Special:MyTalk,https://en.wikipedia.org/wiki/Special:MyTalk,Talk,Discussion about edits from this IP address [n]
https://en.wikipedia.org/wiki/Special:MyContributions,https://en.wikipedia.org/wiki/Special:MyContributions,Contributions,A list of edits made from this IP address [y]
https://en.wikipedia.org/w/index.php?title=Special:CreateAccount&returnto=Mid-Autumn+Festival,https://en.wikipedia.org/w/index.php?title=Special:CreateAccount&returnto=Mid-Autumn+Festival,Create account,You are encouraged to create an account and log in; however, it is not mandatory
https://en.wikipedia.org/w/index.php?title=Special:UserLogin&returnto=Mid-Autumn+Festival,https://en.wikipedia.org/w/index.php?title=Special:UserLogin&returnto=Mid-Autumn+Festival,Log in,You're encouraged to log in; however, it's not mandatory. [o]
https://en.wikipedia.org/wiki/Mid-Autumn_Festival,https://en.wikipedia.org/wiki/Mid-Autumn_Festival,Read,null
https://en.wikipedia.org/wiki/Talk:Mid-Autumn_Festival,https://en.wikipedia.org/wiki/Talk:Mid-Autumn_Festival,Talk,Discussion about the content page [t]
https://en.wikipedia.org/w/index.php?title=Mid-Autumn_Festival&action=edit,https://en.wikipedia.org/w/index.php?title=Mid-Autumn_Festival&action=edit,Edit,Edit this page [e]
https://en.wikipedia.org/w/index.php?title=Mid-Autumn_Festival&action=history,https://en.wikipedia.org/w/index.php?title=Mid-Autumn_Festival&action=history,View history,Past revisions of this page [h]
https://en.wikipedia.org/wiki/Main_Page,https://en.wikipedia.org/wiki/Main_Page,Main page,Visit the main page [z]
https://en.wikipedia.org/wiki/Portal:Contents,https://en.wikipedia.org/wiki/Portal:Contents,Contents,Guides to browsing Wikipedia
https://en.wikipedia.org/wiki/Portal:Featured_content,https://en.wikipedia.org/wiki/Portal:Featured_content,Featured content,Featured content – the best of Wikipedia
https://en.wikipedia.org/wiki/Portal:Current_events,https://en.wikipedia.org/wiki/Portal:Current_events,Current events,Find background information on current events
https://en.wikipedia.org/wiki/Special:Random,https://en.wikipedia.org/wiki/Special:Random,Random article,Load a random article [x]
https://donate.wikimedia.org/wiki/Special:FundraiserRedirector?utm_source=donate&utm_medium=sidebar&utm_campaign=C13_en.wikipedia.org&uselang=en,https://donate.wikimedia.org/wiki/Special:FundraiserRedirector?utm_source=donate&utm_medium=sidebar&utm_campaign=C13_en.wikipedia.org&uselang=en,Donate to Wikipedia,Support us
https://en.wikipedia.org//shop.wikimedia.org,https://en.wikipedia.org//shop.wikimedia.org,Wikipedia store,Visit the Wikipedia store
https://en.wikipedia.org/wiki/Help:Contents,https://en.wikipedia.org/wiki/Help:Contents,Help,Guidance on how to use and edit Wikipedia
https://en.wikipedia.org/wiki/Wikipedia:About,https://en.wikipedia.org/wiki/Wikipedia:About,About Wikipedia,Wikipedia:About
https://en.wikipedia.org/wiki/Wikipedia:Community_portal,https://en.wikipedia.org/wiki/Wikipedia:Community_portal,Community portal,About the project, what you can do, where to find things
https://en.wikipedia.org/wiki/Special:RecentChanges,https://en.wikipedia.org/wiki/Special:RecentChanges,Recent changes,A list of recent changes in the wiki [r]
https://en.wikipedia.org//en.wikipedia.org/wiki/Wikipedia:Contact_us,https://en.wikipedia.org//en.wikipedia.org/wiki/Wikipedia:Contact_us,Contact Wikipedia,null
https://en.wikipedia.org/wiki/Special:WhatLinksHere/Mid-Autumn_Festival,https://en.wikipedia.org/wiki/Special:WhatLinksHere/Mid-Autumn_Festival,What links here,List of all English Wikipedia pages containing links to this page [j]
https://en.wikipedia.org/wiki/Special:RecentChangesLinked/Mid-Autumn_Festival,https://en.wikipedia.org/wiki/Special:RecentChangesLinked/Mid-Autumn_Festival,Related changes,Recent changes in pages linked from this page [k]
https://en.wikipedia.org/wiki/Wikipedia:File_Upload_Wizard,https://en.wikipedia.org/wiki/Wikipedia:File_Upload_Wizard,Upload file,Upload files [u]
https://en.wikipedia.org/wiki/Special:SpecialPages,https://en.wikipedia.org/wiki/Special:SpecialPages,Special pages,A list of all special pages [q]
https://en.wikipedia.org/w/index.php?title=Mid-Autumn_Festival&oldid=815298800,https://en.wikipedia.org/w/index.php?title=Mid-Autumn_Festival&oldid=815298800,Permanent link,Permanent link to this revision of the page
https://en.wikipedia.org/w/index.php?title=Mid-Autumn_Festival&action=info,https://en.wikipedia.org/w/index.php?title=Mid-Autumn_Festival&action=info,Page information,More information about this page
https://www.wikidata.org/wiki/Special:EntityPage/Q379519,https://www.wikidata.org/wiki/Special:EntityPage/Q379519,Wikidata item,Link to connected data repository item [g]
https://en.wikipedia.org/w/index.php?title=Special:CiteThisPage&page=Mid-Autumn_Festival&id=815298800,https://en.wikipedia.org/w/index.php?title=Special:CiteThisPage&page=Mid-Autumn_Festival&id=815298800,Cite this page,Information on how to cite this page
https://en.wikipedia.org/w/index.php?title=Special:Book&bookcmd=book_creator&referer=Mid-Autumn+Festival,https://en.wikipedia.org/w/index.php?title=Special:Book&bookcmd=book_creator&referer=Mid-Autumn+Festival,Create a book,null
https://en.wikipedia.org/w/index.php?title=Special:ElectronPdf&page=Mid-Autumn+Festival&action=show-download-screen,https://en.wikipedia.org/w/index.php?title=Special:ElectronPdf&page=Mid-Autumn+Festival&action=show-download-screen,Download as PDF,null
https://en.wikipedia.org/w/index.php?title=Mid-Autumn_Festival&printable=yes,https://en.wikipedia.org/w/index.php?title=Mid-Autumn_Festival&printable=yes,Printable version,Printable version of this page [p]
https://ar.wikipedia.org/wiki/%D9%85%D9%87%D8%B1%D8%AC%D8%A7%D9%86_%D9%85%D9%86%D8%AA%D8%B5%D9%81_%D8%A7%D9%84%D8%AE%D8%B1%D9%8A%D9%81,https://ar.wikipedia.org/wiki/%D9%85%D9%87%D8%B1%D8%AC%D8%A7%D9%86_%D9%85%D9%86%D8%AA%D8%B5%D9%81_%D8%A7%D9%84%D8%AE%D8%B1%D9%8A%D9%81,العربية,مهرجان منتصف الخريف – Arabic
https://zh-min-nan.wikipedia.org/wiki/Peh-go%CC%8Deh-cheh,https://zh-min-nan.wikipedia.org/wiki/Peh-go%CC%8Deh-cheh,Bân-lâm-gú,Peh-go̍eh-cheh – Chinese (Min Nan)
https://ca.wikipedia.org/wiki/Festa_de_la_Mitja_Tardor,https://ca.wikipedia.org/wiki/Festa_de_la_Mitja_Tardor,Català,Festa de la Mitja Tardor – Catalan
https://cs.wikipedia.org/wiki/Sv%C3%A1tek_st%C5%99edu_podzimu,https://cs.wikipedia.org/wiki/Sv%C3%A1tek_st%C5%99edu_podzimu,Čeština,Svátek středu podzimu – Czech
https://da.wikipedia.org/wiki/Efter%C3%A5rsfestival,https://da.wikipedia.org/wiki/Efter%C3%A5rsfestival,Dansk,Efterårsfestival – Danish
https://de.wikipedia.org/wiki/Mondfest,https://de.wikipedia.org/wiki/Mondfest,Deutsch,Mondfest – German
https://es.wikipedia.org/wiki/Fiesta_del_Medio_Oto%C3%B1o,https://es.wikipedia.org/wiki/Fiesta_del_Medio_Oto%C3%B1o,Español,Fiesta del Medio Otoño – Spanish
https://eo.wikipedia.org/wiki/Luna_Festo,https://eo.wikipedia.org/wiki/Luna_Festo,Esperanto,Luna Festo – Esperanto
https://fa.wikipedia.org/wiki/%D8%AC%D8%B4%D9%86_%D9%86%DB%8C%D9%85%D9%87_%D9%BE%D8%A7%DB%8C%DB%8C%D8%B2,https://fa.wikipedia.org/wiki/%D8%AC%D8%B4%D9%86_%D9%86%DB%8C%D9%85%D9%87_%D9%BE%D8%A7%DB%8C%DB%8C%D8%B2,فارسی,جشن نیمه پاییز – Persian
https://fr.wikipedia.org/wiki/F%C3%AAte_de_la_mi-automne,https://fr.wikipedia.org/wiki/F%C3%AAte_de_la_mi-automne,Français,Fête de la mi-automne – French
https://hak.wikipedia.org/wiki/Ch%C3%BBng-chhi%C3%BB-chiet,https://hak.wikipedia.org/wiki/Ch%C3%BBng-chhi%C3%BB-chiet,客家語/Hak-kâ-ngî,Chûng-chhiû-chiet – Hakka Chinese
https://ko.wikipedia.org/wiki/%EC%A4%91%EC%B6%94%EC%A0%88,https://ko.wikipedia.org/wiki/%EC%A4%91%EC%B6%94%EC%A0%88,한국어,중추절 – Korean
https://hy.wikipedia.org/wiki/%D4%BC%D5%B8%D6%82%D5%BD%D5%B6%D5%AB_%D5%BF%D5%B8%D5%B6,https://hy.wikipedia.org/wiki/%D4%BC%D5%B8%D6%82%D5%BD%D5%B6%D5%AB_%D5%BF%D5%B8%D5%B6,Հայերեն,Լուսնի տոն – Armenian
https://hi.wikipedia.org/wiki/%E0%A4%AE%E0%A4%A7%E0%A5%8D%E0%A4%AF_%E0%A4%B6%E0%A4%B0%E0%A4%A6_%E0%A4%A4%E0%A5%8D%E0%A4%AF%E0%A5%8B%E0%A4%B9%E0%A4%BE%E0%A4%B0,https://hi.wikipedia.org/wiki/%E0%A4%AE%E0%A4%A7%E0%A5%8D%E0%A4%AF_%E0%A4%B6%E0%A4%B0%E0%A4%A6_%E0%A4%A4%E0%A5%8D%E0%A4%AF%E0%A5%8B%E0%A4%B9%E0%A4%BE%E0%A4%B0,हिन्दी,मध्य शरद त्योहार – Hindi
https://id.wikipedia.org/wiki/Festival_Musim_Gugur,https://id.wikipedia.org/wiki/Festival_Musim_Gugur,Bahasa Indonesia,Festival Musim Gugur – Indonesian
https://it.wikipedia.org/wiki/Festa_di_met%C3%A0_autunno,https://it.wikipedia.org/wiki/Festa_di_met%C3%A0_autunno,Italiano,Festa di metà autunno – Italian
https://he.wikipedia.org/wiki/%D7%97%D7%92_%D7%90%D7%9E%D7%A6%D7%A2_%D7%94%D7%A1%D7%AA%D7%99%D7%95,https://he.wikipedia.org/wiki/%D7%97%D7%92_%D7%90%D7%9E%D7%A6%D7%A2_%D7%94%D7%A1%D7%AA%D7%99%D7%95,עברית,חג אמצע הסתיו – Hebrew
https://lt.wikipedia.org/wiki/Rudens_vidurio_%C5%A1vent%C4%97,https://lt.wikipedia.org/wiki/Rudens_vidurio_%C5%A1vent%C4%97,Lietuvių,Rudens vidurio šventė – Lithuanian
https://hu.wikipedia.org/wiki/%C5%90szk%C3%B6z%C3%A9p%C3%BCnnep,https://hu.wikipedia.org/wiki/%C5%90szk%C3%B6z%C3%A9p%C3%BCnnep,Magyar,Őszközépünnep – Hungarian
https://ms.wikipedia.org/wiki/Perayaan_Kuih_Bulan,https://ms.wikipedia.org/wiki/Perayaan_Kuih_Bulan,Bahasa Melayu,Perayaan Kuih Bulan – Malay
https://cdo.wikipedia.org/wiki/B%C3%A1ik-ngu%C5%8Fk-c%C3%A1ik,https://cdo.wikipedia.org/wiki/B%C3%A1ik-ngu%C5%8Fk-c%C3%A1ik,Mìng-dĕ̤ng-ngṳ̄,Báik-nguŏk-cáik – Min Dong Chinese
https://nl.wikipedia.org/wiki/Midherfstfestival,https://nl.wikipedia.org/wiki/Midherfstfestival,Nederlands,Midherfstfestival – Dutch
https://ja.wikipedia.org/wiki/%E6%9C%88%E8%A6%8B,https://ja.wikipedia.org/wiki/%E6%9C%88%E8%A6%8B,日本語,月見 – Japanese
https://no.wikipedia.org/wiki/M%C3%A5nefesten,https://no.wikipedia.org/wiki/M%C3%A5nefesten,Norsk,Månefesten – Norwegian
https://km.wikipedia.org/wiki/%E1%9E%94%E1%9E%BB%E1%9E%8E%E1%9F%92%E1%9E%99%E1%9E%9F%E1%9F%82%E1%9E%93%E1%9E%96%E1%9F%92%E1%9E%9A%E1%9F%87%E1%9E%81%E1%9F%82,https://km.wikipedia.org/wiki/%E1%9E%94%E1%9E%BB%E1%9E%8E%E1%9F%92%E1%9E%99%E1%9E%9F%E1%9F%82%E1%9E%93%E1%9E%96%E1%9F%92%E1%9E%9A%E1%9F%87%E1%9E%81%E1%9F%82,ភាសាខ្មែរ,បុណ្យសែនព្រះខែ – Khmer
https://pl.wikipedia.org/wiki/%C5%9Awi%C4%99to_%C5%9Arodka_Jesieni,https://pl.wikipedia.org/wiki/%C5%9Awi%C4%99to_%C5%9Arodka_Jesieni,Polski,Święto Środka Jesieni – Polish
https://pt.wikipedia.org/wiki/Festival_da_Lua,https://pt.wikipedia.org/wiki/Festival_da_Lua,Português,Festival da Lua – Portuguese
https://ru.wikipedia.org/wiki/%D0%9F%D1%80%D0%B0%D0%B7%D0%B4%D0%BD%D0%B8%D0%BA_%D1%81%D0%B5%D1%80%D0%B5%D0%B4%D0%B8%D0%BD%D1%8B_%D0%BE%D1%81%D0%B5%D0%BD%D0%B8,https://ru.wikipedia.org/wiki/%D0%9F%D1%80%D0%B0%D0%B7%D0%B4%D0%BD%D0%B8%D0%BA_%D1%81%D0%B5%D1%80%D0%B5%D0%B4%D0%B8%D0%BD%D1%8B_%D0%BE%D1%81%D0%B5%D0%BD%D0%B8,Русский,Праздник середины осени – Russian
https://sco.wikipedia.org/wiki/Mid-Hairst_Festival,https://sco.wikipedia.org/wiki/Mid-Hairst_Festival,Scots,Mid-Hairst Festival – Scots
https://sq.wikipedia.org/wiki/Festa_e_H%C3%ABn%C3%ABs,https://sq.wikipedia.org/wiki/Festa_e_H%C3%ABn%C3%ABs,Shqip,Festa e Hënës – Albanian
https://fi.wikipedia.org/wiki/Keskisyksyn_juhla,https://fi.wikipedia.org/wiki/Keskisyksyn_juhla,Suomi,Keskisyksyn juhla – Finnish
https://sv.wikipedia.org/wiki/M%C3%A5nfestivalen,https://sv.wikipedia.org/wiki/M%C3%A5nfestivalen,Svenska,Månfestivalen – Swedish
https://ta.wikipedia.org/wiki/%E0%AE%A8%E0%AE%9F%E0%AF%81_%E0%AE%87%E0%AE%B2%E0%AF%88%E0%AE%AF%E0%AF%81%E0%AE%A4%E0%AE%BF%E0%AE%B0%E0%AF%8D_%E0%AE%95%E0%AE%BE%E0%AE%B2_%E0%AE%A4%E0%AE%BF%E0%AE%B0%E0%AF%81%E0%AE%B5%E0%AE%BF%E0%AE%B4%E0%AE%BE,https://ta.wikipedia.org/wiki/%E0%AE%A8%E0%AE%9F%E0%AF%81_%E0%AE%87%E0%AE%B2%E0%AF%88%E0%AE%AF%E0%AF%81%E0%AE%A4%E0%AE%BF%E0%AE%B0%E0%AF%8D_%E0%AE%95%E0%AE%BE%E0%AE%B2_%E0%AE%A4%E0%AE%BF%E0%AE%B0%E0%AF%81%E0%AE%B5%E0%AE%BF%E0%AE%B4%E0%AE%BE,தமிழ்,நடு இலையுதிர் கால திருவிழா – Tamil
https://th.wikipedia.org/wiki/%E0%B9%80%E0%B8%97%E0%B8%A8%E0%B8%81%E0%B8%B2%E0%B8%A5%E0%B9%84%E0%B8%AB%E0%B8%A7%E0%B9%89%E0%B8%9E%E0%B8%A3%E0%B8%B0%E0%B8%88%E0%B8%B1%E0%B8%99%E0%B8%97%E0%B8%A3%E0%B9%8C,https://th.wikipedia.org/wiki/%E0%B9%80%E0%B8%97%E0%B8%A8%E0%B8%81%E0%B8%B2%E0%B8%A5%E0%B9%84%E0%B8%AB%E0%B8%A7%E0%B9%89%E0%B8%9E%E0%B8%A3%E0%B8%B0%E0%B8%88%E0%B8%B1%E0%B8%99%E0%B8%97%E0%B8%A3%E0%B9%8C,ไทย,เทศกาลไหว้พระจันทร์ – Thai
https://tr.wikipedia.org/wiki/Ay_Festivali,https://tr.wikipedia.org/wiki/Ay_Festivali,Türkçe,Ay Festivali – Turkish
https://uk.wikipedia.org/wiki/%D0%A1%D0%B2%D1%8F%D1%82%D0%BE_%D1%81%D0%B5%D1%80%D0%B5%D0%B4%D0%B8%D0%BD%D0%B8_%D0%BE%D1%81%D0%B5%D0%BD%D1%96,https://uk.wikipedia.org/wiki/%D0%A1%D0%B2%D1%8F%D1%82%D0%BE_%D1%81%D0%B5%D1%80%D0%B5%D0%B4%D0%B8%D0%BD%D0%B8_%D0%BE%D1%81%D0%B5%D0%BD%D1%96,Українська,Свято середини осені – Ukrainian
https://vi.wikipedia.org/wiki/T%E1%BA%BFt_Trung_thu,https://vi.wikipedia.org/wiki/T%E1%BA%BFt_Trung_thu,Tiếng Việt,Tết Trung thu – Vietnamese
https://zh-classical.wikipedia.org/wiki/%E4%B8%AD%E7%A7%8B,https://zh-classical.wikipedia.org/wiki/%E4%B8%AD%E7%A7%8B,文言,中秋 – Classical Chinese
https://war.wikipedia.org/wiki/Pista_han_kabutngaan_han_katlaya,https://war.wikipedia.org/wiki/Pista_han_kabutngaan_han_katlaya,Winaray,Pista han kabutngaan han katlaya – Waray
https://wuu.wikipedia.org/wiki/%E4%B8%AD%E7%A7%8B%E8%8A%82,https://wuu.wikipedia.org/wiki/%E4%B8%AD%E7%A7%8B%E8%8A%82,吴语,中秋节 – Wu Chinese
https://zh-yue.wikipedia.org/wiki/%E4%B8%AD%E7%A7%8B,https://zh-yue.wikipedia.org/wiki/%E4%B8%AD%E7%A7%8B,粵語,中秋 – Cantonese
https://zh.wikipedia.org/wiki/%E4%B8%AD%E7%A7%8B%E8%8A%82,https://zh.wikipedia.org/wiki/%E4%B8%AD%E7%A7%8B%E8%8A%82,中文,中秋节 – Chinese
https://www.wikidata.org/wiki/Special:EntityPage/Q379519#sitelinks-wikipedia